snapshot,ticker,revid
2022-01-01,MMM,1062834329
2022-01-01,ABT,1062834329
2022-01-01,ABBV,1062834329
2022-01-01,ABMD,1062834329
2022-01-01,ACN,1062834329
2022-01-01,ATVI,1062834329
2022-01-01,ADBE,1062834329
2022-01-01,AMD,1062834329
2022-01-01,AAP,1062834329
2022-01-01,AES,1062834329
2022-01-01,AFL,1062834329
2022-01-01,A,1062834329
2022-01-01,APD,1062834329
2022-01-01,AKAM,1062834329
2022-01-01,ALK,1062834329
2022-01-01,ALB,1062834329
2022-01-01,ARE,1062834329
2022-01-01,ALGN,1062834329
2022-01-01,ALLE,1062834329
2022-01-01,LNT,1062834329
2022-01-01,ALL,1062834329
2022-01-01,GOOGL,1062834329
2022-01-01,GOOG,1062834329
2022-01-01,MO,1062834329
2022-01-01,AMZN,1062834329
2022-01-01,AMCR,1062834329
2022-01-01,AEE,1062834329
2022-01-01,AAL,1062834329
2022-01-01,AEP,1062834329
2022-01-01,AXP,1062834329
2022-01-01,AIG,1062834329
2022-01-01,AMT,1062834329
2022-01-01,AWK,1062834329
2022-01-01,AMP,1062834329
2022-01-01,ABC,1062834329
2022-01-01,AME,1062834329
2022-01-01,AMGN,1062834329
2022-01-01,APH,1062834329
2022-01-01,ADI,1062834329
2022-01-01,ANSS,1062834329
2022-01-01,ANTM,1062834329
2022-01-01,AON,1062834329
2022-01-01,AOS,1062834329
2022-01-01,APA,1062834329
2022-01-01,AAPL,1062834329
2022-01-01,AMAT,1062834329
2022-01-01,APTV,1062834329
2022-01-01,ADM,1062834329
2022-01-01,ANET,1062834329
2022-01-01,AJG,1062834329
2022-01-01,AIZ,1062834329
2022-01-01,T,1062834329
2022-01-01,ATO,1062834329
2022-01-01,ADSK,1062834329
2022-01-01,ADP,1062834329
2022-01-01,AZO,1062834329
2022-01-01,AVB,1062834329
2022-01-01,AVY,1062834329
2022-01-01,BKR,1062834329
2022-01-01,BLL,1062834329
2022-01-01,BAC,1062834329
2022-01-01,BBWI,1062834329
2022-01-01,BAX,1062834329
2022-01-01,BDX,1062834329
2022-01-01,BRK-B,1062834329
2022-01-01,BBY,1062834329
2022-01-01,BIO,1062834329
2022-01-01,TECH,1062834329
2022-01-01,BIIB,1062834329
2022-01-01,BLK,1062834329
2022-01-01,BK,1062834329
2022-01-01,BA,1062834329
2022-01-01,BKNG,1062834329
2022-01-01,BWA,1062834329
2022-01-01,BXP,1062834329
2022-01-01,BSX,1062834329
2022-01-01,BMY,1062834329
2022-01-01,AVGO,1062834329
2022-01-01,BR,1062834329
2022-01-01,BRO,1062834329
2022-01-01,BF-B,1062834329
2022-01-01,CHRW,1062834329
2022-01-01,CDNS,1062834329
2022-01-01,CZR,1062834329
2022-01-01,CPB,1062834329
2022-01-01,COF,1062834329
2022-01-01,CAH,1062834329
2022-01-01,KMX,1062834329
2022-01-01,CCL,1062834329
2022-01-01,CARR,1062834329
2022-01-01,CTLT,1062834329
2022-01-01,CAT,1062834329
2022-01-01,CBOE,1062834329
2022-01-01,CBRE,1062834329
2022-01-01,CDW,1062834329
2022-01-01,CE,1062834329
2022-01-01,CNC,1062834329
2022-01-01,CNP,1062834329
2022-01-01,CDAY,1062834329
2022-01-01,CERN,1062834329
2022-01-01,CF,1062834329
2022-01-01,CRL,1062834329
2022-01-01,SCHW,1062834329
2022-01-01,CHTR,1062834329
2022-01-01,CVX,1062834329
2022-01-01,CMG,1062834329
2022-01-01,CB,1062834329
2022-01-01,CHD,1062834329
2022-01-01,CI,1062834329
2022-01-01,CINF,1062834329
2022-01-01,CTAS,1062834329
2022-01-01,CSCO,1062834329
2022-01-01,C,1062834329
2022-01-01,CFG,1062834329
2022-01-01,CTXS,1062834329
2022-01-01,CLX,1062834329
2022-01-01,CME,1062834329
2022-01-01,CMS,1062834329
2022-01-01,KO,1062834329
2022-01-01,CTSH,1062834329
2022-01-01,CL,1062834329
2022-01-01,CMCSA,1062834329
2022-01-01,CMA,1062834329
2022-01-01,CAG,1062834329
2022-01-01,COP,1062834329
2022-01-01,ED,1062834329
2022-01-01,STZ,1062834329
2022-01-01,COO,1062834329
2022-01-01,CPRT,1062834329
2022-01-01,GLW,1062834329
2022-01-01,CTVA,1062834329
2022-01-01,COST,1062834329
2022-01-01,CTRA,1062834329
2022-01-01,CCI,1062834329
2022-01-01,CSX,1062834329
2022-01-01,CMI,1062834329
2022-01-01,CVS,1062834329
2022-01-01,DHI,1062834329
2022-01-01,DHR,1062834329
2022-01-01,DRI,1062834329
2022-01-01,DVA,1062834329
2022-01-01,DE,1062834329
2022-01-01,DAL,1062834329
2022-01-01,XRAY,1062834329
2022-01-01,DVN,1062834329
2022-01-01,DXCM,1062834329
2022-01-01,FANG,1062834329
2022-01-01,DLR,1062834329
2022-01-01,DFS,1062834329
2022-01-01,DISCA,1062834329
2022-01-01,DISCK,1062834329
2022-01-01,DISH,1062834329
2022-01-01,DG,1062834329
2022-01-01,DLTR,1062834329
2022-01-01,D,1062834329
2022-01-01,DPZ,1062834329
2022-01-01,DOV,1062834329
2022-01-01,DOW,1062834329
2022-01-01,DTE,1062834329
2022-01-01,DUK,1062834329
2022-01-01,DRE,1062834329
2022-01-01,DD,1062834329
2022-01-01,DXC,1062834329
2022-01-01,EMN,1062834329
2022-01-01,ETN,1062834329
2022-01-01,EBAY,1062834329
2022-01-01,ECL,1062834329
2022-01-01,EIX,1062834329
2022-01-01,EW,1062834329
2022-01-01,EA,1062834329
2022-01-01,EMR,1062834329
2022-01-01,ENPH,1062834329
2022-01-01,ETR,1062834329
2022-01-01,EOG,1062834329
2022-01-01,EPAM,1062834329
2022-01-01,EFX,1062834329
2022-01-01,EQIX,1062834329
2022-01-01,EQR,1062834329
2022-01-01,ESS,1062834329
2022-01-01,EL,1062834329
2022-01-01,ETSY,1062834329
2022-01-01,EVRG,1062834329
2022-01-01,ES,1062834329
2022-01-01,RE,1062834329
2022-01-01,EXC,1062834329
2022-01-01,EXPE,1062834329
2022-01-01,EXPD,1062834329
2022-01-01,EXR,1062834329
2022-01-01,XOM,1062834329
2022-01-01,FFIV,1062834329
2022-01-01,FDS,1062834329
2022-01-01,FAST,1062834329
2022-01-01,FRT,1062834329
2022-01-01,FDX,1062834329
2022-01-01,FIS,1062834329
2022-01-01,FITB,1062834329
2022-01-01,FE,1062834329
2022-01-01,FRC,1062834329
2022-01-01,FISV,1062834329
2022-01-01,FLT,1062834329
2022-01-01,FMC,1062834329
2022-01-01,F,1062834329
2022-01-01,FTNT,1062834329
2022-01-01,FTV,1062834329
2022-01-01,FBHS,1062834329
2022-01-01,FOXA,1062834329
2022-01-01,FOX,1062834329
2022-01-01,BEN,1062834329
2022-01-01,FCX,1062834329
2022-01-01,GPS,1062834329
2022-01-01,GRMN,1062834329
2022-01-01,IT,1062834329
2022-01-01,GNRC,1062834329
2022-01-01,GD,1062834329
2022-01-01,GE,1062834329
2022-01-01,GIS,1062834329
2022-01-01,GM,1062834329
2022-01-01,GPC,1062834329
2022-01-01,GILD,1062834329
2022-01-01,GL,1062834329
2022-01-01,GPN,1062834329
2022-01-01,GS,1062834329
2022-01-01,GWW,1062834329
2022-01-01,HAL,1062834329
2022-01-01,HIG,1062834329
2022-01-01,HAS,1062834329
2022-01-01,HCA,1062834329
2022-01-01,PEAK,1062834329
2022-01-01,HSIC,1062834329
2022-01-01,HSY,1062834329
2022-01-01,HES,1062834329
2022-01-01,HPE,1062834329
2022-01-01,HLT,1062834329
2022-01-01,HOLX,1062834329
2022-01-01,HD,1062834329
2022-01-01,HON,1062834329
2022-01-01,HRL,1062834329
2022-01-01,HST,1062834329
2022-01-01,HWM,1062834329
2022-01-01,HPQ,1062834329
2022-01-01,HUM,1062834329
2022-01-01,HBAN,1062834329
2022-01-01,HII,1062834329
2022-01-01,IEX,1062834329
2022-01-01,IDXX,1062834329
2022-01-01,INFO,1062834329
2022-01-01,ITW,1062834329
2022-01-01,ILMN,1062834329
2022-01-01,INCY,1062834329
2022-01-01,IR,1062834329
2022-01-01,INTC,1062834329
2022-01-01,ICE,1062834329
2022-01-01,IBM,1062834329
2022-01-01,IP,1062834329
2022-01-01,IPG,1062834329
2022-01-01,IFF,1062834329
2022-01-01,INTU,1062834329
2022-01-01,ISRG,1062834329
2022-01-01,IVZ,1062834329
2022-01-01,IPGP,1062834329
2022-01-01,IQV,1062834329
2022-01-01,IRM,1062834329
2022-01-01,JKHY,1062834329
2022-01-01,J,1062834329
2022-01-01,JBHT,1062834329
2022-01-01,SJM,1062834329
2022-01-01,JNJ,1062834329
2022-01-01,JCI,1062834329
2022-01-01,JPM,1062834329
2022-01-01,JNPR,1062834329
2022-01-01,K,1062834329
2022-01-01,KEY,1062834329
2022-01-01,KEYS,1062834329
2022-01-01,KMB,1062834329
2022-01-01,KIM,1062834329
2022-01-01,KMI,1062834329
2022-01-01,KLAC,1062834329
2022-01-01,KHC,1062834329
2022-01-01,KR,1062834329
2022-01-01,LHX,1062834329
2022-01-01,LH,1062834329
2022-01-01,LRCX,1062834329
2022-01-01,LW,1062834329
2022-01-01,LVS,1062834329
2022-01-01,LDOS,1062834329
2022-01-01,LEN,1062834329
2022-01-01,LLY,1062834329
2022-01-01,LNC,1062834329
2022-01-01,LIN,1062834329
2022-01-01,LYV,1062834329
2022-01-01,LKQ,1062834329
2022-01-01,LMT,1062834329
2022-01-01,L,1062834329
2022-01-01,LOW,1062834329
2022-01-01,LUMN,1062834329
2022-01-01,LYB,1062834329
2022-01-01,MTB,1062834329
2022-01-01,MRO,1062834329
2022-01-01,MPC,1062834329
2022-01-01,MKTX,1062834329
2022-01-01,MAR,1062834329
2022-01-01,MMC,1062834329
2022-01-01,MLM,1062834329
2022-01-01,MAS,1062834329
2022-01-01,MA,1062834329
2022-01-01,MTCH,1062834329
2022-01-01,MKC,1062834329
2022-01-01,MCD,1062834329
2022-01-01,MCK,1062834329
2022-01-01,MDT,1062834329
2022-01-01,MRK,1062834329
2022-01-01,FB,1062834329
2022-01-01,MET,1062834329
2022-01-01,MTD,1062834329
2022-01-01,MGM,1062834329
2022-01-01,MCHP,1062834329
2022-01-01,MU,1062834329
2022-01-01,MSFT,1062834329
2022-01-01,MAA,1062834329
2022-01-01,MRNA,1062834329
2022-01-01,MHK,1062834329
2022-01-01,TAP,1062834329
2022-01-01,MDLZ,1062834329
2022-01-01,MPWR,1062834329
2022-01-01,MNST,1062834329
2022-01-01,MCO,1062834329
2022-01-01,MS,1062834329
2022-01-01,MOS,1062834329
2022-01-01,MSI,1062834329
2022-01-01,MSCI,1062834329
2022-01-01,NDAQ,1062834329
2022-01-01,NTAP,1062834329
2022-01-01,NFLX,1062834329
2022-01-01,NWL,1062834329
2022-01-01,NEM,1062834329
2022-01-01,NWSA,1062834329
2022-01-01,NWS,1062834329
2022-01-01,NEE,1062834329
2022-01-01,NLSN,1062834329
2022-01-01,NKE,1062834329
2022-01-01,NI,1062834329
2022-01-01,NSC,1062834329
2022-01-01,NTRS,1062834329
2022-01-01,NOC,1062834329
2022-01-01,NLOK,1062834329
2022-01-01,NCLH,1062834329
2022-01-01,NRG,1062834329
2022-01-01,NUE,1062834329
2022-01-01,NVDA,1062834329
2022-01-01,NVR,1062834329
2022-01-01,NXPI,1062834329
2022-01-01,ORLY,1062834329
2022-01-01,OXY,1062834329
2022-01-01,ODFL,1062834329
2022-01-01,OMC,1062834329
2022-01-01,OKE,1062834329
2022-01-01,ORCL,1062834329
2022-01-01,OGN,1062834329
2022-01-01,OTIS,1062834329
2022-01-01,PCAR,1062834329
2022-01-01,PKG,1062834329
2022-01-01,PH,1062834329
2022-01-01,PAYX,1062834329
2022-01-01,PAYC,1062834329
2022-01-01,PYPL,1062834329
2022-01-01,PENN,1062834329
2022-01-01,PNR,1062834329
2022-01-01,PBCT,1062834329
2022-01-01,PEP,1062834329
2022-01-01,PKI,1062834329
2022-01-01,PFE,1062834329
2022-01-01,PM,1062834329
2022-01-01,PSX,1062834329
2022-01-01,PNW,1062834329
2022-01-01,PXD,1062834329
2022-01-01,PNC,1062834329
2022-01-01,POOL,1062834329
2022-01-01,PPG,1062834329
2022-01-01,PPL,1062834329
2022-01-01,PFG,1062834329
2022-01-01,PG,1062834329
2022-01-01,PGR,1062834329
2022-01-01,PLD,1062834329
2022-01-01,PRU,1062834329
2022-01-01,PTC,1062834329
2022-01-01,PEG,1062834329
2022-01-01,PSA,1062834329
2022-01-01,PHM,1062834329
2022-01-01,PVH,1062834329
2022-01-01,QRVO,1062834329
2022-01-01,PWR,1062834329
2022-01-01,QCOM,1062834329
2022-01-01,DGX,1062834329
2022-01-01,RL,1062834329
2022-01-01,RJF,1062834329
2022-01-01,RTX,1062834329
2022-01-01,O,1062834329
2022-01-01,REG,1062834329
2022-01-01,REGN,1062834329
2022-01-01,RF,1062834329
2022-01-01,RSG,1062834329
2022-01-01,RMD,1062834329
2022-01-01,RHI,1062834329
2022-01-01,ROK,1062834329
2022-01-01,ROL,1062834329
2022-01-01,ROP,1062834329
2022-01-01,ROST,1062834329
2022-01-01,RCL,1062834329
2022-01-01,SPGI,1062834329
2022-01-01,CRM,1062834329
2022-01-01,SBAC,1062834329
2022-01-01,SLB,1062834329
2022-01-01,STX,1062834329
2022-01-01,SEE,1062834329
2022-01-01,SRE,1062834329
2022-01-01,NOW,1062834329
2022-01-01,SHW,1062834329
2022-01-01,SBNY,1062834329
2022-01-01,SPG,1062834329
2022-01-01,SWKS,1062834329
2022-01-01,SNA,1062834329
2022-01-01,SEDG,1062834329
2022-01-01,SO,1062834329
2022-01-01,LUV,1062834329
2022-01-01,SWK,1062834329
2022-01-01,SBUX,1062834329
2022-01-01,STT,1062834329
2022-01-01,STE,1062834329
2022-01-01,SYK,1062834329
2022-01-01,SIVB,1062834329
2022-01-01,SYF,1062834329
2022-01-01,SNPS,1062834329
2022-01-01,SYY,1062834329
2022-01-01,TMUS,1062834329
2022-01-01,TROW,1062834329
2022-01-01,TTWO,1062834329
2022-01-01,TPR,1062834329
2022-01-01,TGT,1062834329
2022-01-01,TEL,1062834329
2022-01-01,TDY,1062834329
2022-01-01,TFX,1062834329
2022-01-01,TER,1062834329
2022-01-01,TSLA,1062834329
2022-01-01,TXN,1062834329
2022-01-01,TXT,1062834329
2022-01-01,TMO,1062834329
2022-01-01,TJX,1062834329
2022-01-01,TSCO,1062834329
2022-01-01,TT,1062834329
2022-01-01,TDG,1062834329
2022-01-01,TRV,1062834329
2022-01-01,TRMB,1062834329
2022-01-01,TFC,1062834329
2022-01-01,TWTR,1062834329
2022-01-01,TYL,1062834329
2022-01-01,TSN,1062834329
2022-01-01,UDR,1062834329
2022-01-01,ULTA,1062834329
2022-01-01,USB,1062834329
2022-01-01,UAA,1062834329
2022-01-01,UA,1062834329
2022-01-01,UNP,1062834329
2022-01-01,UAL,1062834329
2022-01-01,UNH,1062834329
2022-01-01,UPS,1062834329
2022-01-01,URI,1062834329
2022-01-01,UHS,1062834329
2022-01-01,VLO,1062834329
2022-01-01,VTR,1062834329
2022-01-01,VRSN,1062834329
2022-01-01,VRSK,1062834329
2022-01-01,VZ,1062834329
2022-01-01,VRTX,1062834329
2022-01-01,VFC,1062834329
2022-01-01,VIAC,1062834329
2022-01-01,VTRS,1062834329
2022-01-01,V,1062834329
2022-01-01,VNO,1062834329
2022-01-01,VMC,1062834329
2022-01-01,WRB,1062834329
2022-01-01,WAB,1062834329
2022-01-01,WMT,1062834329
2022-01-01,WBA,1062834329
2022-01-01,DIS,1062834329
2022-01-01,WM,1062834329
2022-01-01,WAT,1062834329
2022-01-01,WEC,1062834329
2022-01-01,WFC,1062834329
2022-01-01,WELL,1062834329
2022-01-01,WST,1062834329
2022-01-01,WDC,1062834329
2022-01-01,WRK,1062834329
2022-01-01,WY,1062834329
2022-01-01,WHR,1062834329
2022-01-01,WMB,1062834329
2022-01-01,WLTW,1062834329
2022-01-01,WYNN,1062834329
2022-01-01,XEL,1062834329
2022-01-01,XLNX,1062834329
2022-01-01,XYL,1062834329
2022-01-01,YUM,1062834329
2022-01-01,ZBRA,1062834329
2022-01-01,ZBH,1062834329
2022-01-01,ZION,1062834329
2022-01-01,ZTS,1062834329
2022-03-31,MMM,1078861896
2022-03-31,AOS,1078861896
2022-03-31,ABT,1078861896
2022-03-31,ABBV,1078861896
2022-03-31,ABMD,1078861896
2022-03-31,ACN,1078861896
2022-03-31,ATVI,1078861896
2022-03-31,ADM,1078861896
2022-03-31,ADBE,1078861896
2022-03-31,ADP,1078861896
2022-03-31,AAP,1078861896
2022-03-31,AES,1078861896
2022-03-31,AFL,1078861896
2022-03-31,A,1078861896
2022-03-31,AIG,1078861896
2022-03-31,APD,1078861896
2022-03-31,AKAM,1078861896
2022-03-31,ALK,1078861896
2022-03-31,ALB,1078861896
2022-03-31,ARE,1078861896
2022-03-31,ALGN,1078861896
2022-03-31,ALLE,1078861896
2022-03-31,LNT,1078861896
2022-03-31,ALL,1078861896
2022-03-31,GOOGL,1078861896
2022-03-31,GOOG,1078861896
2022-03-31,MO,1078861896
2022-03-31,AMZN,1078861896
2022-03-31,AMCR,1078861896
2022-03-31,AMD,1078861896
2022-03-31,AEE,1078861896
2022-03-31,AAL,1078861896
2022-03-31,AEP,1078861896
2022-03-31,AXP,1078861896
2022-03-31,AMT,1078861896
2022-03-31,AWK,1078861896
2022-03-31,AMP,1078861896
2022-03-31,ABC,1078861896
2022-03-31,AME,1078861896
2022-03-31,AMGN,1078861896
2022-03-31,APH,1078861896
2022-03-31,ADI,1078861896
2022-03-31,ANSS,1078861896
2022-03-31,ANTM,1078861896
2022-03-31,AON,1078861896
2022-03-31,APA,1078861896
2022-03-31,AAPL,1078861896
2022-03-31,AMAT,1078861896
2022-03-31,APTV,1078861896
2022-03-31,ANET,1078861896
2022-03-31,AIZ,1078861896
2022-03-31,T,1078861896
2022-03-31,ATO,1078861896
2022-03-31,ADSK,1078861896
2022-03-31,AZO,1078861896
2022-03-31,AVB,1078861896
2022-03-31,AVY,1078861896
2022-03-31,BKR,1078861896
2022-03-31,BLL,1078861896
2022-03-31,BAC,1078861896
2022-03-31,BBWI,1078861896
2022-03-31,BAX,1078861896
2022-03-31,BDX,1078861896
2022-03-31,WRB,1078861896
2022-03-31,BRK-B,1078861896
2022-03-31,BBY,1078861896
2022-03-31,BIO,1078861896
2022-03-31,TECH,1078861896
2022-03-31,BIIB,1078861896
2022-03-31,BLK,1078861896
2022-03-31,BK,1078861896
2022-03-31,BA,1078861896
2022-03-31,BKNG,1078861896
2022-03-31,BWA,1078861896
2022-03-31,BXP,1078861896
2022-03-31,BSX,1078861896
2022-03-31,BMY,1078861896
2022-03-31,AVGO,1078861896
2022-03-31,BR,1078861896
2022-03-31,BRO,1078861896
2022-03-31,BF-B,1078861896
2022-03-31,CHRW,1078861896
2022-03-31,CDNS,1078861896
2022-03-31,CZR,1078861896
2022-03-31,CPB,1078861896
2022-03-31,COF,1078861896
2022-03-31,CAH,1078861896
2022-03-31,KMX,1078861896
2022-03-31,CCL,1078861896
2022-03-31,CARR,1078861896
2022-03-31,CTLT,1078861896
2022-03-31,CAT,1078861896
2022-03-31,CBOE,1078861896
2022-03-31,CBRE,1078861896
2022-03-31,CDW,1078861896
2022-03-31,CE,1078861896
2022-03-31,CNC,1078861896
2022-03-31,CNP,1078861896
2022-03-31,CDAY,1078861896
2022-03-31,CERN,1078861896
2022-03-31,CF,1078861896
2022-03-31,CRL,1078861896
2022-03-31,SCHW,1078861896
2022-03-31,CHTR,1078861896
2022-03-31,CVX,1078861896
2022-03-31,CMG,1078861896
2022-03-31,CB,1078861896
2022-03-31,CHD,1078861896
2022-03-31,CI,1078861896
2022-03-31,CINF,1078861896
2022-03-31,CTAS,1078861896
2022-03-31,CSCO,1078861896
2022-03-31,C,1078861896
2022-03-31,CFG,1078861896
2022-03-31,CTXS,1078861896
2022-03-31,CLX,1078861896
2022-03-31,CME,1078861896
2022-03-31,CMS,1078861896
2022-03-31,KO,1078861896
2022-03-31,CTSH,1078861896
2022-03-31,CL,1078861896
2022-03-31,CMCSA,1078861896
2022-03-31,CMA,1078861896
2022-03-31,CAG,1078861896
2022-03-31,COP,1078861896
2022-03-31,ED,1078861896
2022-03-31,STZ,1078861896
2022-03-31,CEG,1078861896
2022-03-31,COO,1078861896
2022-03-31,CPRT,1078861896
2022-03-31,GLW,1078861896
2022-03-31,CTVA,1078861896
2022-03-31,COST,1078861896
2022-03-31,CTRA,1078861896
2022-03-31,CCI,1078861896
2022-03-31,CSX,1078861896
2022-03-31,CMI,1078861896
2022-03-31,CVS,1078861896
2022-03-31,DHI,1078861896
2022-03-31,DHR,1078861896
2022-03-31,DRI,1078861896
2022-03-31,DVA,1078861896
2022-03-31,DE,1078861896
2022-03-31,DAL,1078861896
2022-03-31,XRAY,1078861896
2022-03-31,DVN,1078861896
2022-03-31,DXCM,1078861896
2022-03-31,FANG,1078861896
2022-03-31,DLR,1078861896
2022-03-31,DFS,1078861896
2022-03-31,DISCA,1078861896
2022-03-31,DISCK,1078861896
2022-03-31,DISH,1078861896
2022-03-31,DIS,1078861896
2022-03-31,DG,1078861896
2022-03-31,DLTR,1078861896
2022-03-31,D,1078861896
2022-03-31,DPZ,1078861896
2022-03-31,DOV,1078861896
2022-03-31,DOW,1078861896
2022-03-31,DTE,1078861896
2022-03-31,DUK,1078861896
2022-03-31,DRE,1078861896
2022-03-31,DD,1078861896
2022-03-31,DXC,1078861896
2022-03-31,EMN,1078861896
2022-03-31,ETN,1078861896
2022-03-31,EBAY,1078861896
2022-03-31,ECL,1078861896
2022-03-31,EIX,1078861896
2022-03-31,EW,1078861896
2022-03-31,EA,1078861896
2022-03-31,EMR,1078861896
2022-03-31,ENPH,1078861896
2022-03-31,ETR,1078861896
2022-03-31,EOG,1078861896
2022-03-31,EPAM,1078861896
2022-03-31,EFX,1078861896
2022-03-31,EQIX,1078861896
2022-03-31,EQR,1078861896
2022-03-31,ESS,1078861896
2022-03-31,EL,1078861896
2022-03-31,ETSY,1078861896
2022-03-31,RE,1078861896
2022-03-31,EVRG,1078861896
2022-03-31,ES,1078861896
2022-03-31,EXC,1078861896
2022-03-31,EXPE,1078861896
2022-03-31,EXPD,1078861896
2022-03-31,EXR,1078861896
2022-03-31,XOM,1078861896
2022-03-31,FFIV,1078861896
2022-03-31,FDS,1078861896
2022-03-31,FAST,1078861896
2022-03-31,FRT,1078861896
2022-03-31,FDX,1078861896
2022-03-31,FITB,1078861896
2022-03-31,FRC,1078861896
2022-03-31,FE,1078861896
2022-03-31,FIS,1078861896
2022-03-31,FISV,1078861896
2022-03-31,FLT,1078861896
2022-03-31,FMC,1078861896
2022-03-31,F,1078861896
2022-03-31,FTNT,1078861896
2022-03-31,FTV,1078861896
2022-03-31,FBHS,1078861896
2022-03-31,FOXA,1078861896
2022-03-31,FOX,1078861896
2022-03-31,BEN,1078861896
2022-03-31,FCX,1078861896
2022-03-31,AJG,1078861896
2022-03-31,GRMN,1078861896
2022-03-31,IT,1078861896
2022-03-31,GE,1078861896
2022-03-31,GNRC,1078861896
2022-03-31,GD,1078861896
2022-03-31,GIS,1078861896
2022-03-31,GPC,1078861896
2022-03-31,GILD,1078861896
2022-03-31,GL,1078861896
2022-03-31,GPN,1078861896
2022-03-31,GM,1078861896
2022-03-31,GS,1078861896
2022-03-31,GWW,1078861896
2022-03-31,HAL,1078861896
2022-03-31,HIG,1078861896
2022-03-31,HAS,1078861896
2022-03-31,HCA,1078861896
2022-03-31,PEAK,1078861896
2022-03-31,HSIC,1078861896
2022-03-31,HSY,1078861896
2022-03-31,HES,1078861896
2022-03-31,HPE,1078861896
2022-03-31,HLT,1078861896
2022-03-31,HOLX,1078861896
2022-03-31,HD,1078861896
2022-03-31,HON,1078861896
2022-03-31,HRL,1078861896
2022-03-31,HST,1078861896
2022-03-31,HWM,1078861896
2022-03-31,HPQ,1078861896
2022-03-31,HUM,1078861896
2022-03-31,HII,1078861896
2022-03-31,HBAN,1078861896
2022-03-31,IEX,1078861896
2022-03-31,IDXX,1078861896
2022-03-31,ITW,1078861896
2022-03-31,ILMN,1078861896
2022-03-31,INCY,1078861896
2022-03-31,IR,1078861896
2022-03-31,INTC,1078861896
2022-03-31,ICE,1078861896
2022-03-31,IBM,1078861896
2022-03-31,IP,1078861896
2022-03-31,IPG,1078861896
2022-03-31,IFF,1078861896
2022-03-31,INTU,1078861896
2022-03-31,ISRG,1078861896
2022-03-31,IVZ,1078861896
2022-03-31,IPGP,1078861896
2022-03-31,IQV,1078861896
2022-03-31,IRM,1078861896
2022-03-31,JBHT,1078861896
2022-03-31,JKHY,1078861896
2022-03-31,J,1078861896
2022-03-31,JNJ,1078861896
2022-03-31,JCI,1078861896
2022-03-31,JPM,1078861896
2022-03-31,JNPR,1078861896
2022-03-31,K,1078861896
2022-03-31,KEY,1078861896
2022-03-31,KEYS,1078861896
2022-03-31,KMB,1078861896
2022-03-31,KIM,1078861896
2022-03-31,KMI,1078861896
2022-03-31,KLAC,1078861896
2022-03-31,KHC,1078861896
2022-03-31,KR,1078861896
2022-03-31,LHX,1078861896
2022-03-31,LH,1078861896
2022-03-31,LRCX,1078861896
2022-03-31,LW,1078861896
2022-03-31,LVS,1078861896
2022-03-31,LDOS,1078861896
2022-03-31,LEN,1078861896
2022-03-31,LLY,1078861896
2022-03-31,LNC,1078861896
2022-03-31,LIN,1078861896
2022-03-31,LYV,1078861896
2022-03-31,LKQ,1078861896
2022-03-31,LMT,1078861896
2022-03-31,L,1078861896
2022-03-31,LOW,1078861896
2022-03-31,LUMN,1078861896
2022-03-31,LYB,1078861896
2022-03-31,MTB,1078861896
2022-03-31,MRO,1078861896
2022-03-31,MPC,1078861896
2022-03-31,MKTX,1078861896
2022-03-31,MAR,1078861896
2022-03-31,MMC,1078861896
2022-03-31,MLM,1078861896
2022-03-31,MAS,1078861896
2022-03-31,MA,1078861896
2022-03-31,MTCH,1078861896
2022-03-31,MKC,1078861896
2022-03-31,MCD,1078861896
2022-03-31,MCK,1078861896
2022-03-31,MDT,1078861896
2022-03-31,MRK,1078861896
2022-03-31,FB,1078861896
2022-03-31,MET,1078861896
2022-03-31,MTD,1078861896
2022-03-31,MGM,1078861896
2022-03-31,MCHP,1078861896
2022-03-31,MU,1078861896
2022-03-31,MSFT,1078861896
2022-03-31,MAA,1078861896
2022-03-31,MRNA,1078861896
2022-03-31,MHK,1078861896
2022-03-31,MOH,1078861896
2022-03-31,TAP,1078861896
2022-03-31,MDLZ,1078861896
2022-03-31,MPWR,1078861896
2022-03-31,MNST,1078861896
2022-03-31,MCO,1078861896
2022-03-31,MS,1078861896
2022-03-31,MOS,1078861896
2022-03-31,MSI,1078861896
2022-03-31,MSCI,1078861896
2022-03-31,NDAQ,1078861896
2022-03-31,NTAP,1078861896
2022-03-31,NFLX,1078861896
2022-03-31,NWL,1078861896
2022-03-31,NEM,1078861896
2022-03-31,NWSA,1078861896
2022-03-31,NWS,1078861896
2022-03-31,NEE,1078861896
2022-03-31,NLSN,1078861896
2022-03-31,NKE,1078861896
2022-03-31,NI,1078861896
2022-03-31,NDSN,1078861896
2022-03-31,NSC,1078861896
2022-03-31,NTRS,1078861896
2022-03-31,NOC,1078861896
2022-03-31,NLOK,1078861896
2022-03-31,NCLH,1078861896
2022-03-31,NRG,1078861896
2022-03-31,NUE,1078861896
2022-03-31,NVDA,1078861896
2022-03-31,NVR,1078861896
2022-03-31,NXPI,1078861896
2022-03-31,ORLY,1078861896
2022-03-31,OXY,1078861896
2022-03-31,ODFL,1078861896
2022-03-31,OMC,1078861896
2022-03-31,OKE,1078861896
2022-03-31,ORCL,1078861896
2022-03-31,OGN,1078861896
2022-03-31,OTIS,1078861896
2022-03-31,PCAR,1078861896
2022-03-31,PKG,1078861896
2022-03-31,PARA,1078861896
2022-03-31,PH,1078861896
2022-03-31,PAYX,1078861896
2022-03-31,PAYC,1078861896
2022-03-31,PYPL,1078861896
2022-03-31,PENN,1078861896
2022-03-31,PNR,1078861896
2022-03-31,PBCT,1078861896
2022-03-31,PEP,1078861896
2022-03-31,PKI,1078861896
2022-03-31,PFE,1078861896
2022-03-31,PM,1078861896
2022-03-31,PSX,1078861896
2022-03-31,PNW,1078861896
2022-03-31,PXD,1078861896
2022-03-31,PNC,1078861896
2022-03-31,POOL,1078861896
2022-03-31,PPG,1078861896
2022-03-31,PPL,1078861896
2022-03-31,PFG,1078861896
2022-03-31,PG,1078861896
2022-03-31,PGR,1078861896
2022-03-31,PLD,1078861896
2022-03-31,PRU,1078861896
2022-03-31,PEG,1078861896
2022-03-31,PTC,1078861896
2022-03-31,PSA,1078861896
2022-03-31,PHM,1078861896
2022-03-31,PVH,1078861896
2022-03-31,QRVO,1078861896
2022-03-31,PWR,1078861896
2022-03-31,QCOM,1078861896
2022-03-31,DGX,1078861896
2022-03-31,RL,1078861896
2022-03-31,RJF,1078861896
2022-03-31,RTX,1078861896
2022-03-31,O,1078861896
2022-03-31,REG,1078861896
2022-03-31,REGN,1078861896
2022-03-31,RF,1078861896
2022-03-31,RSG,1078861896
2022-03-31,RMD,1078861896
2022-03-31,RHI,1078861896
2022-03-31,ROK,1078861896
2022-03-31,ROL,1078861896
2022-03-31,ROP,1078861896
2022-03-31,ROST,1078861896
2022-03-31,RCL,1078861896
2022-03-31,SPGI,1078861896
2022-03-31,CRM,1078861896
2022-03-31,SBAC,1078861896
2022-03-31,SLB,1078861896
2022-03-31,STX,1078861896
2022-03-31,SEE,1078861896
2022-03-31,SRE,1078861896
2022-03-31,NOW,1078861896
2022-03-31,SHW,1078861896
2022-03-31,SBNY,1078861896
2022-03-31,SPG,1078861896
2022-03-31,SWKS,1078861896
2022-03-31,SJM,1078861896
2022-03-31,SNA,1078861896
2022-03-31,SEDG,1078861896
2022-03-31,SO,1078861896
2022-03-31,LUV,1078861896
2022-03-31,SWK,1078861896
2022-03-31,SBUX,1078861896
2022-03-31,STT,1078861896
2022-03-31,STE,1078861896
2022-03-31,SYK,1078861896
2022-03-31,SIVB,1078861896
2022-03-31,SYF,1078861896
2022-03-31,SNPS,1078861896
2022-03-31,SYY,1078861896
2022-03-31,TMUS,1078861896
2022-03-31,TROW,1078861896
2022-03-31,TTWO,1078861896
2022-03-31,TPR,1078861896
2022-03-31,TGT,1078861896
2022-03-31,TEL,1078861896
2022-03-31,TDY,1078861896
2022-03-31,TFX,1078861896
2022-03-31,TER,1078861896
2022-03-31,TSLA,1078861896
2022-03-31,TXN,1078861896
2022-03-31,TXT,1078861896
2022-03-31,TMO,1078861896
2022-03-31,TJX,1078861896
2022-03-31,TSCO,1078861896
2022-03-31,TT,1078861896
2022-03-31,TDG,1078861896
2022-03-31,TRV,1078861896
2022-03-31,TRMB,1078861896
2022-03-31,TFC,1078861896
2022-03-31,TWTR,1078861896
2022-03-31,TYL,1078861896
2022-03-31,TSN,1078861896
2022-03-31,USB,1078861896
2022-03-31,UDR,1078861896
2022-03-31,ULTA,1078861896
2022-03-31,UAA,1078861896
2022-03-31,UA,1078861896
2022-03-31,UNP,1078861896
2022-03-31,UAL,1078861896
2022-03-31,UNH,1078861896
2022-03-31,UPS,1078861896
2022-03-31,URI,1078861896
2022-03-31,UHS,1078861896
2022-03-31,VLO,1078861896
2022-03-31,VTR,1078861896
2022-03-31,VRSN,1078861896
2022-03-31,VRSK,1078861896
2022-03-31,VZ,1078861896
2022-03-31,VRTX,1078861896
2022-03-31,VFC,1078861896
2022-03-31,VTRS,1078861896
2022-03-31,V,1078861896
2022-03-31,VNO,1078861896
2022-03-31,VMC,1078861896
2022-03-31,WAB,1078861896
2022-03-31,WMT,1078861896
2022-03-31,WBA,1078861896
2022-03-31,WM,1078861896
2022-03-31,WAT,1078861896
2022-03-31,WEC,1078861896
2022-03-31,WFC,1078861896
2022-03-31,WELL,1078861896
2022-03-31,WST,1078861896
2022-03-31,WDC,1078861896
2022-03-31,WRK,1078861896
2022-03-31,WY,1078861896
2022-03-31,WHR,1078861896
2022-03-31,WMB,1078861896
2022-03-31,WTW,1078861896
2022-03-31,WYNN,1078861896
2022-03-31,XEL,1078861896
2022-03-31,XYL,1078861896
2022-03-31,YUM,1078861896
2022-03-31,ZBRA,1078861896
2022-03-31,ZBH,1078861896
2022-03-31,ZION,1078861896
2022-03-31,ZTS,1078861896
2022-06-30,MMM,1095558369
2022-06-30,AOS,1095558369
2022-06-30,ABT,1095558369
2022-06-30,ABBV,1095558369
2022-06-30,ABMD,1095558369
2022-06-30,ACN,1095558369
2022-06-30,ATVI,1095558369
2022-06-30,ADM,1095558369
2022-06-30,ADBE,1095558369
2022-06-30,ADP,1095558369
2022-06-30,AAP,1095558369
2022-06-30,AES,1095558369
2022-06-30,AFL,1095558369
2022-06-30,A,1095558369
2022-06-30,APD,1095558369
2022-06-30,AKAM,1095558369
2022-06-30,ALK,1095558369
2022-06-30,ALB,1095558369
2022-06-30,ARE,1095558369
2022-06-30,ALGN,1095558369
2022-06-30,ALLE,1095558369
2022-06-30,LNT,1095558369
2022-06-30,ALL,1095558369
2022-06-30,GOOGL,1095558369
2022-06-30,GOOG,1095558369
2022-06-30,MO,1095558369
2022-06-30,AMZN,1095558369
2022-06-30,AMCR,1095558369
2022-06-30,AMD,1095558369
2022-06-30,AEE,1095558369
2022-06-30,AAL,1095558369
2022-06-30,AEP,1095558369
2022-06-30,AXP,1095558369
2022-06-30,AIG,1095558369
2022-06-30,AMT,1095558369
2022-06-30,AWK,1095558369
2022-06-30,AMP,1095558369
2022-06-30,ABC,1095558369
2022-06-30,AME,1095558369
2022-06-30,AMGN,1095558369
2022-06-30,APH,1095558369
2022-06-30,ADI,1095558369
2022-06-30,ANSS,1095558369
2022-06-30,AON,1095558369
2022-06-30,APA,1095558369
2022-06-30,AAPL,1095558369
2022-06-30,AMAT,1095558369
2022-06-30,APTV,1095558369
2022-06-30,ANET,1095558369
2022-06-30,AJG,1095558369
2022-06-30,AIZ,1095558369
2022-06-30,T,1095558369
2022-06-30,ATO,1095558369
2022-06-30,ADSK,1095558369
2022-06-30,AZO,1095558369
2022-06-30,AVB,1095558369
2022-06-30,AVY,1095558369
2022-06-30,BKR,1095558369
2022-06-30,BALL,1095558369
2022-06-30,BAC,1095558369
2022-06-30,BBWI,1095558369
2022-06-30,BAX,1095558369
2022-06-30,BDX,1095558369
2022-06-30,WRB,1095558369
2022-06-30,BRK-B,1095558369
2022-06-30,BBY,1095558369
2022-06-30,BIO,1095558369
2022-06-30,TECH,1095558369
2022-06-30,BIIB,1095558369
2022-06-30,BLK,1095558369
2022-06-30,BK,1095558369
2022-06-30,BA,1095558369
2022-06-30,BKNG,1095558369
2022-06-30,BWA,1095558369
2022-06-30,BXP,1095558369
2022-06-30,BSX,1095558369
2022-06-30,BMY,1095558369
2022-06-30,AVGO,1095558369
2022-06-30,BR,1095558369
2022-06-30,BRO,1095558369
2022-06-30,BF-B,1095558369
2022-06-30,CHRW,1095558369
2022-06-30,CDNS,1095558369
2022-06-30,CZR,1095558369
2022-06-30,CPT,1095558369
2022-06-30,CPB,1095558369
2022-06-30,COF,1095558369
2022-06-30,CAH,1095558369
2022-06-30,KMX,1095558369
2022-06-30,CCL,1095558369
2022-06-30,CARR,1095558369
2022-06-30,CTLT,1095558369
2022-06-30,CAT,1095558369
2022-06-30,CBOE,1095558369
2022-06-30,CBRE,1095558369
2022-06-30,CDW,1095558369
2022-06-30,CE,1095558369
2022-06-30,CNC,1095558369
2022-06-30,CNP,1095558369
2022-06-30,CDAY,1095558369
2022-06-30,CF,1095558369
2022-06-30,CRL,1095558369
2022-06-30,SCHW,1095558369
2022-06-30,CHTR,1095558369
2022-06-30,CVX,1095558369
2022-06-30,CMG,1095558369
2022-06-30,CB,1095558369
2022-06-30,CHD,1095558369
2022-06-30,CI,1095558369
2022-06-30,CINF,1095558369
2022-06-30,CTAS,1095558369
2022-06-30,CSCO,1095558369
2022-06-30,C,1095558369
2022-06-30,CFG,1095558369
2022-06-30,CTXS,1095558369
2022-06-30,CLX,1095558369
2022-06-30,CME,1095558369
2022-06-30,CMS,1095558369
2022-06-30,KO,1095558369
2022-06-30,CTSH,1095558369
2022-06-30,CL,1095558369
2022-06-30,CMCSA,1095558369
2022-06-30,CMA,1095558369
2022-06-30,CAG,1095558369
2022-06-30,COP,1095558369
2022-06-30,ED,1095558369
2022-06-30,STZ,1095558369
2022-06-30,CEG,1095558369
2022-06-30,COO,1095558369
2022-06-30,CPRT,1095558369
2022-06-30,GLW,1095558369
2022-06-30,CTVA,1095558369
2022-06-30,COST,1095558369
2022-06-30,CTRA,1095558369
2022-06-30,CCI,1095558369
2022-06-30,CSX,1095558369
2022-06-30,CMI,1095558369
2022-06-30,CVS,1095558369
2022-06-30,DHI,1095558369
2022-06-30,DHR,1095558369
2022-06-30,DRI,1095558369
2022-06-30,DVA,1095558369
2022-06-30,DE,1095558369
2022-06-30,DAL,1095558369
2022-06-30,XRAY,1095558369
2022-06-30,DVN,1095558369
2022-06-30,DXCM,1095558369
2022-06-30,FANG,1095558369
2022-06-30,DLR,1095558369
2022-06-30,DFS,1095558369
2022-06-30,DISH,1095558369
2022-06-30,DIS,1095558369
2022-06-30,DG,1095558369
2022-06-30,DLTR,1095558369
2022-06-30,D,1095558369
2022-06-30,DPZ,1095558369
2022-06-30,DOV,1095558369
2022-06-30,DOW,1095558369
2022-06-30,DTE,1095558369
2022-06-30,DUK,1095558369
2022-06-30,DRE,1095558369
2022-06-30,DD,1095558369
2022-06-30,DXC,1095558369
2022-06-30,EMN,1095558369
2022-06-30,ETN,1095558369
2022-06-30,EBAY,1095558369
2022-06-30,ECL,1095558369
2022-06-30,EIX,1095558369
2022-06-30,EW,1095558369
2022-06-30,EA,1095558369
2022-06-30,ELV,1095558369
2022-06-30,LLY,1095558369
2022-06-30,EMR,1095558369
2022-06-30,ENPH,1095558369
2022-06-30,ETR,1095558369
2022-06-30,EOG,1095558369
2022-06-30,EPAM,1095558369
2022-06-30,EFX,1095558369
2022-06-30,EQIX,1095558369
2022-06-30,EQR,1095558369
2022-06-30,ESS,1095558369
2022-06-30,EL,1095558369
2022-06-30,ETSY,1095558369
2022-06-30,RE,1095558369
2022-06-30,EVRG,1095558369
2022-06-30,ES,1095558369
2022-06-30,EXC,1095558369
2022-06-30,EXPE,1095558369
2022-06-30,EXPD,1095558369
2022-06-30,EXR,1095558369
2022-06-30,XOM,1095558369
2022-06-30,FFIV,1095558369
2022-06-30,FDS,1095558369
2022-06-30,FAST,1095558369
2022-06-30,FRT,1095558369
2022-06-30,FDX,1095558369
2022-06-30,FITB,1095558369
2022-06-30,FRC,1095558369
2022-06-30,FE,1095558369
2022-06-30,FIS,1095558369
2022-06-30,FISV,1095558369
2022-06-30,FLT,1095558369
2022-06-30,FMC,1095558369
2022-06-30,F,1095558369
2022-06-30,FTNT,1095558369
2022-06-30,FTV,1095558369
2022-06-30,FBHS,1095558369
2022-06-30,FOXA,1095558369
2022-06-30,FOX,1095558369
2022-06-30,BEN,1095558369
2022-06-30,FCX,1095558369
2022-06-30,GRMN,1095558369
2022-06-30,IT,1095558369
2022-06-30,GNRC,1095558369
2022-06-30,GD,1095558369
2022-06-30,GE,1095558369
2022-06-30,GIS,1095558369
2022-06-30,GM,1095558369
2022-06-30,GPC,1095558369
2022-06-30,GILD,1095558369
2022-06-30,GL,1095558369
2022-06-30,GPN,1095558369
2022-06-30,GS,1095558369
2022-06-30,HAL,1095558369
2022-06-30,HIG,1095558369
2022-06-30,HAS,1095558369
2022-06-30,HCA,1095558369
2022-06-30,PEAK,1095558369
2022-06-30,HSIC,1095558369
2022-06-30,HSY,1095558369
2022-06-30,HES,1095558369
2022-06-30,HPE,1095558369
2022-06-30,HLT,1095558369
2022-06-30,HOLX,1095558369
2022-06-30,HD,1095558369
2022-06-30,HON,1095558369
2022-06-30,HRL,1095558369
2022-06-30,HST,1095558369
2022-06-30,HWM,1095558369
2022-06-30,HPQ,1095558369
2022-06-30,HUM,1095558369
2022-06-30,HBAN,1095558369
2022-06-30,HII,1095558369
2022-06-30,IBM,1095558369
2022-06-30,IEX,1095558369
2022-06-30,IDXX,1095558369
2022-06-30,ITW,1095558369
2022-06-30,ILMN,1095558369
2022-06-30,INCY,1095558369
2022-06-30,IR,1095558369
2022-06-30,INTC,1095558369
2022-06-30,ICE,1095558369
2022-06-30,IP,1095558369
2022-06-30,IPG,1095558369
2022-06-30,IFF,1095558369
2022-06-30,INTU,1095558369
2022-06-30,ISRG,1095558369
2022-06-30,IVZ,1095558369
2022-06-30,IQV,1095558369
2022-06-30,IRM,1095558369
2022-06-30,JBHT,1095558369
2022-06-30,JKHY,1095558369
2022-06-30,J,1095558369
2022-06-30,JNJ,1095558369
2022-06-30,JCI,1095558369
2022-06-30,JPM,1095558369
2022-06-30,JNPR,1095558369
2022-06-30,K,1095558369
2022-06-30,KDP,1095558369
2022-06-30,KEY,1095558369
2022-06-30,KEYS,1095558369
2022-06-30,KMB,1095558369
2022-06-30,KIM,1095558369
2022-06-30,KMI,1095558369
2022-06-30,KLAC,1095558369
2022-06-30,KHC,1095558369
2022-06-30,KR,1095558369
2022-06-30,LHX,1095558369
2022-06-30,LH,1095558369
2022-06-30,LRCX,1095558369
2022-06-30,LW,1095558369
2022-06-30,LVS,1095558369
2022-06-30,LDOS,1095558369
2022-06-30,LEN,1095558369
2022-06-30,LNC,1095558369
2022-06-30,LIN,1095558369
2022-06-30,LYV,1095558369
2022-06-30,LKQ,1095558369
2022-06-30,LMT,1095558369
2022-06-30,L,1095558369
2022-06-30,LOW,1095558369
2022-06-30,LUMN,1095558369
2022-06-30,LYB,1095558369
2022-06-30,MTB,1095558369
2022-06-30,MRO,1095558369
2022-06-30,MPC,1095558369
2022-06-30,MKTX,1095558369
2022-06-30,MAR,1095558369
2022-06-30,MMC,1095558369
2022-06-30,MLM,1095558369
2022-06-30,MAS,1095558369
2022-06-30,MA,1095558369
2022-06-30,MTCH,1095558369
2022-06-30,MKC,1095558369
2022-06-30,MCD,1095558369
2022-06-30,MCK,1095558369
2022-06-30,MDT,1095558369
2022-06-30,MRK,1095558369
2022-06-30,META,1095558369
2022-06-30,MET,1095558369
2022-06-30,MTD,1095558369
2022-06-30,MGM,1095558369
2022-06-30,MCHP,1095558369
2022-06-30,MU,1095558369
2022-06-30,MSFT,1095558369
2022-06-30,MAA,1095558369
2022-06-30,MRNA,1095558369
2022-06-30,MHK,1095558369
2022-06-30,MOH,1095558369
2022-06-30,TAP,1095558369
2022-06-30,MDLZ,1095558369
2022-06-30,MPWR,1095558369
2022-06-30,MNST,1095558369
2022-06-30,MCO,1095558369
2022-06-30,MS,1095558369
2022-06-30,MOS,1095558369
2022-06-30,MSI,1095558369
2022-06-30,MSCI,1095558369
2022-06-30,NDAQ,1095558369
2022-06-30,NTAP,1095558369
2022-06-30,NFLX,1095558369
2022-06-30,NWL,1095558369
2022-06-30,NEM,1095558369
2022-06-30,NWSA,1095558369
2022-06-30,NWS,1095558369
2022-06-30,NEE,1095558369
2022-06-30,NLSN,1095558369
2022-06-30,NKE,1095558369
2022-06-30,NI,1095558369
2022-06-30,NDSN,1095558369
2022-06-30,NSC,1095558369
2022-06-30,NTRS,1095558369
2022-06-30,NOC,1095558369
2022-06-30,NLOK,1095558369
2022-06-30,NCLH,1095558369
2022-06-30,NRG,1095558369
2022-06-30,NUE,1095558369
2022-06-30,NVDA,1095558369
2022-06-30,NVR,1095558369
2022-06-30,NXPI,1095558369
2022-06-30,ORLY,1095558369
2022-06-30,OXY,1095558369
2022-06-30,ODFL,1095558369
2022-06-30,OMC,1095558369
2022-06-30,ON,1095558369
2022-06-30,OKE,1095558369
2022-06-30,ORCL,1095558369
2022-06-30,OGN,1095558369
2022-06-30,OTIS,1095558369
2022-06-30,PCAR,1095558369
2022-06-30,PKG,1095558369
2022-06-30,PARA,1095558369
2022-06-30,PH,1095558369
2022-06-30,PAYX,1095558369
2022-06-30,PAYC,1095558369
2022-06-30,PYPL,1095558369
2022-06-30,PENN,1095558369
2022-06-30,PNR,1095558369
2022-06-30,PEP,1095558369
2022-06-30,PKI,1095558369
2022-06-30,PFE,1095558369
2022-06-30,PM,1095558369
2022-06-30,PSX,1095558369
2022-06-30,PNW,1095558369
2022-06-30,PXD,1095558369
2022-06-30,PNC,1095558369
2022-06-30,POOL,1095558369
2022-06-30,PPG,1095558369
2022-06-30,PPL,1095558369
2022-06-30,PFG,1095558369
2022-06-30,PG,1095558369
2022-06-30,PGR,1095558369
2022-06-30,PLD,1095558369
2022-06-30,PRU,1095558369
2022-06-30,PEG,1095558369
2022-06-30,PTC,1095558369
2022-06-30,PSA,1095558369
2022-06-30,PHM,1095558369
2022-06-30,PVH,1095558369
2022-06-30,QRVO,1095558369
2022-06-30,PWR,1095558369
2022-06-30,QCOM,1095558369
2022-06-30,DGX,1095558369
2022-06-30,RL,1095558369
2022-06-30,RJF,1095558369
2022-06-30,RTX,1095558369
2022-06-30,O,1095558369
2022-06-30,REG,1095558369
2022-06-30,REGN,1095558369
2022-06-30,RF,1095558369
2022-06-30,RSG,1095558369
2022-06-30,RMD,1095558369
2022-06-30,RHI,1095558369
2022-06-30,ROK,1095558369
2022-06-30,ROL,1095558369
2022-06-30,ROP,1095558369
2022-06-30,ROST,1095558369
2022-06-30,RCL,1095558369
2022-06-30,SPGI,1095558369
2022-06-30,CRM,1095558369
2022-06-30,SBAC,1095558369
2022-06-30,SLB,1095558369
2022-06-30,STX,1095558369
2022-06-30,SEE,1095558369
2022-06-30,SRE,1095558369
2022-06-30,NOW,1095558369
2022-06-30,SHW,1095558369
2022-06-30,SBNY,1095558369
2022-06-30,SPG,1095558369
2022-06-30,SWKS,1095558369
2022-06-30,SJM,1095558369
2022-06-30,SNA,1095558369
2022-06-30,SEDG,1095558369
2022-06-30,SO,1095558369
2022-06-30,LUV,1095558369
2022-06-30,SWK,1095558369
2022-06-30,SBUX,1095558369
2022-06-30,STT,1095558369
2022-06-30,STE,1095558369
2022-06-30,SYK,1095558369
2022-06-30,SIVB,1095558369
2022-06-30,SYF,1095558369
2022-06-30,SNPS,1095558369
2022-06-30,SYY,1095558369
2022-06-30,TMUS,1095558369
2022-06-30,TROW,1095558369
2022-06-30,TTWO,1095558369
2022-06-30,TPR,1095558369
2022-06-30,TGT,1095558369
2022-06-30,TEL,1095558369
2022-06-30,TDY,1095558369
2022-06-30,TFX,1095558369
2022-06-30,TER,1095558369
2022-06-30,TSLA,1095558369
2022-06-30,TXN,1095558369
2022-06-30,TXT,1095558369
2022-06-30,TMO,1095558369
2022-06-30,TJX,1095558369
2022-06-30,TSCO,1095558369
2022-06-30,TT,1095558369
2022-06-30,TDG,1095558369
2022-06-30,TRV,1095558369
2022-06-30,TRMB,1095558369
2022-06-30,TFC,1095558369
2022-06-30,TWTR,1095558369
2022-06-30,TYL,1095558369
2022-06-30,TSN,1095558369
2022-06-30,USB,1095558369
2022-06-30,UDR,1095558369
2022-06-30,ULTA,1095558369
2022-06-30,UNP,1095558369
2022-06-30,UAL,1095558369
2022-06-30,UPS,1095558369
2022-06-30,URI,1095558369
2022-06-30,UNH,1095558369
2022-06-30,UHS,1095558369
2022-06-30,VLO,1095558369
2022-06-30,VTR,1095558369
2022-06-30,VRSN,1095558369
2022-06-30,VRSK,1095558369
2022-06-30,VZ,1095558369
2022-06-30,VRTX,1095558369
2022-06-30,VFC,1095558369
2022-06-30,VTRS,1095558369
2022-06-30,VICI,1095558369
2022-06-30,V,1095558369
2022-06-30,VNO,1095558369
2022-06-30,VMC,1095558369
2022-06-30,WAB,1095558369
2022-06-30,WBA,1095558369
2022-06-30,WMT,1095558369
2022-06-30,WBD,1095558369
2022-06-30,WM,1095558369
2022-06-30,WAT,1095558369
2022-06-30,WEC,1095558369
2022-06-30,WFC,1095558369
2022-06-30,WELL,1095558369
2022-06-30,WST,1095558369
2022-06-30,WDC,1095558369
2022-06-30,WRK,1095558369
2022-06-30,WY,1095558369
2022-06-30,WHR,1095558369
2022-06-30,WMB,1095558369
2022-06-30,WTW,1095558369
2022-06-30,GWW,1095558369
2022-06-30,WYNN,1095558369
2022-06-30,XEL,1095558369
2022-06-30,XYL,1095558369
2022-06-30,YUM,1095558369
2022-06-30,ZBRA,1095558369
2022-06-30,ZBH,1095558369
2022-06-30,ZION,1095558369
2022-06-30,ZTS,1095558369
2022-09-30,MMM,1113035208
2022-09-30,AOS,1113035208
2022-09-30,ABT,1113035208
2022-09-30,ABBV,1113035208
2022-09-30,ABMD,1113035208
2022-09-30,ACN,1113035208
2022-09-30,ATVI,1113035208
2022-09-30,ADM,1113035208
2022-09-30,ADBE,1113035208
2022-09-30,ADP,1113035208
2022-09-30,AAP,1113035208
2022-09-30,AES,1113035208
2022-09-30,AFL,1113035208
2022-09-30,A,1113035208
2022-09-30,APD,1113035208
2022-09-30,AKAM,1113035208
2022-09-30,ALK,1113035208
2022-09-30,ALB,1113035208
2022-09-30,ARE,1113035208
2022-09-30,ALGN,1113035208
2022-09-30,ALLE,1113035208
2022-09-30,LNT,1113035208
2022-09-30,ALL,1113035208
2022-09-30,GOOGL,1113035208
2022-09-30,GOOG,1113035208
2022-09-30,MO,1113035208
2022-09-30,AMZN,1113035208
2022-09-30,AMCR,1113035208
2022-09-30,AMD,1113035208
2022-09-30,AEE,1113035208
2022-09-30,AAL,1113035208
2022-09-30,AEP,1113035208
2022-09-30,AXP,1113035208
2022-09-30,AIG,1113035208
2022-09-30,AMT,1113035208
2022-09-30,AWK,1113035208
2022-09-30,AMP,1113035208
2022-09-30,ABC,1113035208
2022-09-30,AME,1113035208
2022-09-30,AMGN,1113035208
2022-09-30,APH,1113035208
2022-09-30,ADI,1113035208
2022-09-30,ANSS,1113035208
2022-09-30,AON,1113035208
2022-09-30,APA,1113035208
2022-09-30,AAPL,1113035208
2022-09-30,AMAT,1113035208
2022-09-30,APTV,1113035208
2022-09-30,ANET,1113035208
2022-09-30,AJG,1113035208
2022-09-30,AIZ,1113035208
2022-09-30,T,1113035208
2022-09-30,ATO,1113035208
2022-09-30,ADSK,1113035208
2022-09-30,AZO,1113035208
2022-09-30,AVB,1113035208
2022-09-30,AVY,1113035208
2022-09-30,BKR,1113035208
2022-09-30,BALL,1113035208
2022-09-30,BAC,1113035208
2022-09-30,BBWI,1113035208
2022-09-30,BAX,1113035208
2022-09-30,BDX,1113035208
2022-09-30,WRB,1113035208
2022-09-30,BRK-B,1113035208
2022-09-30,BBY,1113035208
2022-09-30,BIO,1113035208
2022-09-30,TECH,1113035208
2022-09-30,BIIB,1113035208
2022-09-30,BLK,1113035208
2022-09-30,BK,1113035208
2022-09-30,BA,1113035208
2022-09-30,BKNG,1113035208
2022-09-30,BWA,1113035208
2022-09-30,BXP,1113035208
2022-09-30,BSX,1113035208
2022-09-30,BMY,1113035208
2022-09-30,AVGO,1113035208
2022-09-30,BR,1113035208
2022-09-30,BRO,1113035208
2022-09-30,BF-B,1113035208
2022-09-30,CHRW,1113035208
2022-09-30,CDNS,1113035208
2022-09-30,CZR,1113035208
2022-09-30,CPT,1113035208
2022-09-30,CPB,1113035208
2022-09-30,COF,1113035208
2022-09-30,CAH,1113035208
2022-09-30,KMX,1113035208
2022-09-30,CCL,1113035208
2022-09-30,CARR,1113035208
2022-09-30,CTLT,1113035208
2022-09-30,CAT,1113035208
2022-09-30,CBOE,1113035208
2022-09-30,CBRE,1113035208
2022-09-30,CDW,1113035208
2022-09-30,CE,1113035208
2022-09-30,CNC,1113035208
2022-09-30,CNP,1113035208
2022-09-30,CDAY,1113035208
2022-09-30,CF,1113035208
2022-09-30,CRL,1113035208
2022-09-30,SCHW,1113035208
2022-09-30,CHTR,1113035208
2022-09-30,CVX,1113035208
2022-09-30,CMG,1113035208
2022-09-30,CB,1113035208
2022-09-30,CHD,1113035208
2022-09-30,CI,1113035208
2022-09-30,CINF,1113035208
2022-09-30,CTAS,1113035208
2022-09-30,CSCO,1113035208
2022-09-30,C,1113035208
2022-09-30,CFG,1113035208
2022-09-30,CTXS,1113035208
2022-09-30,CLX,1113035208
2022-09-30,CME,1113035208
2022-09-30,CMS,1113035208
2022-09-30,KO,1113035208
2022-09-30,CTSH,1113035208
2022-09-30,CL,1113035208
2022-09-30,CMCSA,1113035208
2022-09-30,CMA,1113035208
2022-09-30,CAG,1113035208
2022-09-30,COP,1113035208
2022-09-30,ED,1113035208
2022-09-30,STZ,1113035208
2022-09-30,CEG,1113035208
2022-09-30,COO,1113035208
2022-09-30,CPRT,1113035208
2022-09-30,GLW,1113035208
2022-09-30,CTVA,1113035208
2022-09-30,CSGP,1113035208
2022-09-30,COST,1113035208
2022-09-30,CTRA,1113035208
2022-09-30,CCI,1113035208
2022-09-30,CSX,1113035208
2022-09-30,CMI,1113035208
2022-09-30,CVS,1113035208
2022-09-30,DHI,1113035208
2022-09-30,DHR,1113035208
2022-09-30,DRI,1113035208
2022-09-30,DVA,1113035208
2022-09-30,DE,1113035208
2022-09-30,DAL,1113035208
2022-09-30,XRAY,1113035208
2022-09-30,DVN,1113035208
2022-09-30,DXCM,1113035208
2022-09-30,FANG,1113035208
2022-09-30,DLR,1113035208
2022-09-30,DFS,1113035208
2022-09-30,DISH,1113035208
2022-09-30,DIS,1113035208
2022-09-30,DG,1113035208
2022-09-30,DLTR,1113035208
2022-09-30,D,1113035208
2022-09-30,DPZ,1113035208
2022-09-30,DOV,1113035208
2022-09-30,DOW,1113035208
2022-09-30,DTE,1113035208
2022-09-30,DUK,1113035208
2022-09-30,DRE,1113035208
2022-09-30,DD,1113035208
2022-09-30,DXC,1113035208
2022-09-30,EMN,1113035208
2022-09-30,ETN,1113035208
2022-09-30,EBAY,1113035208
2022-09-30,ECL,1113035208
2022-09-30,EIX,1113035208
2022-09-30,EW,1113035208
2022-09-30,EA,1113035208
2022-09-30,ELV,1113035208
2022-09-30,LLY,1113035208
2022-09-30,EMR,1113035208
2022-09-30,ENPH,1113035208
2022-09-30,ETR,1113035208
2022-09-30,EOG,1113035208
2022-09-30,EPAM,1113035208
2022-09-30,EFX,1113035208
2022-09-30,EQIX,1113035208
2022-09-30,EQR,1113035208
2022-09-30,ESS,1113035208
2022-09-30,EL,1113035208
2022-09-30,ETSY,1113035208
2022-09-30,RE,1113035208
2022-09-30,EVRG,1113035208
2022-09-30,ES,1113035208
2022-09-30,EXC,1113035208
2022-09-30,EXPE,1113035208
2022-09-30,EXPD,1113035208
2022-09-30,EXR,1113035208
2022-09-30,XOM,1113035208
2022-09-30,FFIV,1113035208
2022-09-30,FDS,1113035208
2022-09-30,FAST,1113035208
2022-09-30,FRT,1113035208
2022-09-30,FDX,1113035208
2022-09-30,FITB,1113035208
2022-09-30,FRC,1113035208
2022-09-30,FE,1113035208
2022-09-30,FIS,1113035208
2022-09-30,FISV,1113035208
2022-09-30,FLT,1113035208
2022-09-30,FMC,1113035208
2022-09-30,F,1113035208
2022-09-30,FTNT,1113035208
2022-09-30,FTV,1113035208
2022-09-30,FBHS,1113035208
2022-09-30,FOXA,1113035208
2022-09-30,FOX,1113035208
2022-09-30,BEN,1113035208
2022-09-30,FCX,1113035208
2022-09-30,GRMN,1113035208
2022-09-30,IT,1113035208
2022-09-30,GNRC,1113035208
2022-09-30,GD,1113035208
2022-09-30,GE,1113035208
2022-09-30,GIS,1113035208
2022-09-30,GM,1113035208
2022-09-30,GPC,1113035208
2022-09-30,GILD,1113035208
2022-09-30,GL,1113035208
2022-09-30,GPN,1113035208
2022-09-30,GS,1113035208
2022-09-30,HAL,1113035208
2022-09-30,HIG,1113035208
2022-09-30,HAS,1113035208
2022-09-30,HCA,1113035208
2022-09-30,PEAK,1113035208
2022-09-30,HSIC,1113035208
2022-09-30,HSY,1113035208
2022-09-30,HES,1113035208
2022-09-30,HPE,1113035208
2022-09-30,HLT,1113035208
2022-09-30,HOLX,1113035208
2022-09-30,HD,1113035208
2022-09-30,HON,1113035208
2022-09-30,HRL,1113035208
2022-09-30,HST,1113035208
2022-09-30,HWM,1113035208
2022-09-30,HPQ,1113035208
2022-09-30,HUM,1113035208
2022-09-30,HBAN,1113035208
2022-09-30,HII,1113035208
2022-09-30,IBM,1113035208
2022-09-30,IEX,1113035208
2022-09-30,IDXX,1113035208
2022-09-30,ITW,1113035208
2022-09-30,ILMN,1113035208
2022-09-30,INCY,1113035208
2022-09-30,IR,1113035208
2022-09-30,INTC,1113035208
2022-09-30,ICE,1113035208
2022-09-30,IP,1113035208
2022-09-30,IPG,1113035208
2022-09-30,IFF,1113035208
2022-09-30,INTU,1113035208
2022-09-30,ISRG,1113035208
2022-09-30,IVZ,1113035208
2022-09-30,INVH,1113035208
2022-09-30,IQV,1113035208
2022-09-30,IRM,1113035208
2022-09-30,JBHT,1113035208
2022-09-30,JKHY,1113035208
2022-09-30,J,1113035208
2022-09-30,JNJ,1113035208
2022-09-30,JCI,1113035208
2022-09-30,JPM,1113035208
2022-09-30,JNPR,1113035208
2022-09-30,K,1113035208
2022-09-30,KDP,1113035208
2022-09-30,KEY,1113035208
2022-09-30,KEYS,1113035208
2022-09-30,KMB,1113035208
2022-09-30,KIM,1113035208
2022-09-30,KMI,1113035208
2022-09-30,KLAC,1113035208
2022-09-30,KHC,1113035208
2022-09-30,KR,1113035208
2022-09-30,LHX,1113035208
2022-09-30,LH,1113035208
2022-09-30,LRCX,1113035208
2022-09-30,LW,1113035208
2022-09-30,LVS,1113035208
2022-09-30,LDOS,1113035208
2022-09-30,LEN,1113035208
2022-09-30,LNC,1113035208
2022-09-30,LIN,1113035208
2022-09-30,LYV,1113035208
2022-09-30,LKQ,1113035208
2022-09-30,LMT,1113035208
2022-09-30,L,1113035208
2022-09-30,LOW,1113035208
2022-09-30,LUMN,1113035208
2022-09-30,LYB,1113035208
2022-09-30,MTB,1113035208
2022-09-30,MRO,1113035208
2022-09-30,MPC,1113035208
2022-09-30,MKTX,1113035208
2022-09-30,MAR,1113035208
2022-09-30,MMC,1113035208
2022-09-30,MLM,1113035208
2022-09-30,MAS,1113035208
2022-09-30,MA,1113035208
2022-09-30,MTCH,1113035208
2022-09-30,MKC,1113035208
2022-09-30,MCD,1113035208
2022-09-30,MCK,1113035208
2022-09-30,MDT,1113035208
2022-09-30,MRK,1113035208
2022-09-30,META,1113035208
2022-09-30,MET,1113035208
2022-09-30,MTD,1113035208
2022-09-30,MGM,1113035208
2022-09-30,MCHP,1113035208
2022-09-30,MU,1113035208
2022-09-30,MSFT,1113035208
2022-09-30,MAA,1113035208
2022-09-30,MRNA,1113035208
2022-09-30,MHK,1113035208
2022-09-30,MOH,1113035208
2022-09-30,TAP,1113035208
2022-09-30,MDLZ,1113035208
2022-09-30,MPWR,1113035208
2022-09-30,MNST,1113035208
2022-09-30,MCO,1113035208
2022-09-30,MS,1113035208
2022-09-30,MOS,1113035208
2022-09-30,MSI,1113035208
2022-09-30,MSCI,1113035208
2022-09-30,NDAQ,1113035208
2022-09-30,NTAP,1113035208
2022-09-30,NFLX,1113035208
2022-09-30,NWL,1113035208
2022-09-30,NEM,1113035208
2022-09-30,NWSA,1113035208
2022-09-30,NWS,1113035208
2022-09-30,NEE,1113035208
2022-09-30,NLSN,1113035208
2022-09-30,NKE,1113035208
2022-09-30,NI,1113035208
2022-09-30,NDSN,1113035208
2022-09-30,NSC,1113035208
2022-09-30,NTRS,1113035208
2022-09-30,NOC,1113035208
2022-09-30,NLOK,1113035208
2022-09-30,NCLH,1113035208
2022-09-30,NRG,1113035208
2022-09-30,NUE,1113035208
2022-09-30,NVDA,1113035208
2022-09-30,NVR,1113035208
2022-09-30,NXPI,1113035208
2022-09-30,ORLY,1113035208
2022-09-30,OXY,1113035208
2022-09-30,ODFL,1113035208
2022-09-30,OMC,1113035208
2022-09-30,ON,1113035208
2022-09-30,OKE,1113035208
2022-09-30,ORCL,1113035208
2022-09-30,OGN,1113035208
2022-09-30,OTIS,1113035208
2022-09-30,PCAR,1113035208
2022-09-30,PKG,1113035208
2022-09-30,PARA,1113035208
2022-09-30,PH,1113035208
2022-09-30,PAYX,1113035208
2022-09-30,PAYC,1113035208
2022-09-30,PYPL,1113035208
2022-09-30,PNR,1113035208
2022-09-30,PEP,1113035208
2022-09-30,PKI,1113035208
2022-09-30,PFE,1113035208
2022-09-30,PM,1113035208
2022-09-30,PSX,1113035208
2022-09-30,PNW,1113035208
2022-09-30,PXD,1113035208
2022-09-30,PNC,1113035208
2022-09-30,POOL,1113035208
2022-09-30,PPG,1113035208
2022-09-30,PPL,1113035208
2022-09-30,PFG,1113035208
2022-09-30,PG,1113035208
2022-09-30,PGR,1113035208
2022-09-30,PLD,1113035208
2022-09-30,PRU,1113035208
2022-09-30,PEG,1113035208
2022-09-30,PTC,1113035208
2022-09-30,PSA,1113035208
2022-09-30,PHM,1113035208
2022-09-30,QRVO,1113035208
2022-09-30,PWR,1113035208
2022-09-30,QCOM,1113035208
2022-09-30,DGX,1113035208
2022-09-30,RL,1113035208
2022-09-30,RJF,1113035208
2022-09-30,RTX,1113035208
2022-09-30,O,1113035208
2022-09-30,REG,1113035208
2022-09-30,REGN,1113035208
2022-09-30,RF,1113035208
2022-09-30,RSG,1113035208
2022-09-30,RMD,1113035208
2022-09-30,RHI,1113035208
2022-09-30,ROK,1113035208
2022-09-30,ROL,1113035208
2022-09-30,ROP,1113035208
2022-09-30,ROST,1113035208
2022-09-30,RCL,1113035208
2022-09-30,SPGI,1113035208
2022-09-30,CRM,1113035208
2022-09-30,SBAC,1113035208
2022-09-30,SLB,1113035208
2022-09-30,STX,1113035208
2022-09-30,SEE,1113035208
2022-09-30,SRE,1113035208
2022-09-30,NOW,1113035208
2022-09-30,SHW,1113035208
2022-09-30,SBNY,1113035208
2022-09-30,SPG,1113035208
2022-09-30,SWKS,1113035208
2022-09-30,SJM,1113035208
2022-09-30,SNA,1113035208
2022-09-30,SEDG,1113035208
2022-09-30,SO,1113035208
2022-09-30,LUV,1113035208
2022-09-30,SWK,1113035208
2022-09-30,SBUX,1113035208
2022-09-30,STT,1113035208
2022-09-30,STE,1113035208
2022-09-30,SYK,1113035208
2022-09-30,SIVB,1113035208
2022-09-30,SYF,1113035208
2022-09-30,SNPS,1113035208
2022-09-30,SYY,1113035208
2022-09-30,TMUS,1113035208
2022-09-30,TROW,1113035208
2022-09-30,TTWO,1113035208
2022-09-30,TPR,1113035208
2022-09-30,TGT,1113035208
2022-09-30,TEL,1113035208
2022-09-30,TDY,1113035208
2022-09-30,TFX,1113035208
2022-09-30,TER,1113035208
2022-09-30,TSLA,1113035208
2022-09-30,TXN,1113035208
2022-09-30,TXT,1113035208
2022-09-30,TMO,1113035208
2022-09-30,TJX,1113035208
2022-09-30,TSCO,1113035208
2022-09-30,TT,1113035208
2022-09-30,TDG,1113035208
2022-09-30,TRV,1113035208
2022-09-30,TRMB,1113035208
2022-09-30,TFC,1113035208
2022-09-30,TWTR,1113035208
2022-09-30,TYL,1113035208
2022-09-30,TSN,1113035208
2022-09-30,USB,1113035208
2022-09-30,UDR,1113035208
2022-09-30,ULTA,1113035208
2022-09-30,UNP,1113035208
2022-09-30,UAL,1113035208
2022-09-30,UPS,1113035208
2022-09-30,URI,1113035208
2022-09-30,UNH,1113035208
2022-09-30,UHS,1113035208
2022-09-30,VLO,1113035208
2022-09-30,VTR,1113035208
2022-09-30,VRSN,1113035208
2022-09-30,VRSK,1113035208
2022-09-30,VZ,1113035208
2022-09-30,VRTX,1113035208
2022-09-30,VFC,1113035208
2022-09-30,VTRS,1113035208
2022-09-30,VICI,1113035208
2022-09-30,V,1113035208
2022-09-30,VNO,1113035208
2022-09-30,VMC,1113035208
2022-09-30,WAB,1113035208
2022-09-30,WBA,1113035208
2022-09-30,WMT,1113035208
2022-09-30,WBD,1113035208
2022-09-30,WM,1113035208
2022-09-30,WAT,1113035208
2022-09-30,WEC,1113035208
2022-09-30,WFC,1113035208
2022-09-30,WELL,1113035208
2022-09-30,WST,1113035208
2022-09-30,WDC,1113035208
2022-09-30,WRK,1113035208
2022-09-30,WY,1113035208
2022-09-30,WHR,1113035208
2022-09-30,WMB,1113035208
2022-09-30,WTW,1113035208
2022-09-30,GWW,1113035208
2022-09-30,WYNN,1113035208
2022-09-30,XEL,1113035208
2022-09-30,XYL,1113035208
2022-09-30,YUM,1113035208
2022-09-30,ZBRA,1113035208
2022-09-30,ZBH,1113035208
2022-09-30,ZION,1113035208
2022-09-30,ZTS,1113035208
2022-12-31,MMM,1130173030
2022-12-31,AOS,1130173030
2022-12-31,ABT,1130173030
2022-12-31,ABBV,1130173030
2022-12-31,ACN,1130173030
2022-12-31,ATVI,1130173030
2022-12-31,ADM,1130173030
2022-12-31,ADBE,1130173030
2022-12-31,ADP,1130173030
2022-12-31,AAP,1130173030
2022-12-31,AES,1130173030
2022-12-31,AFL,1130173030
2022-12-31,A,1130173030
2022-12-31,APD,1130173030
2022-12-31,AKAM,1130173030
2022-12-31,ALK,1130173030
2022-12-31,ALB,1130173030
2022-12-31,ARE,1130173030
2022-12-31,ALGN,1130173030
2022-12-31,ALLE,1130173030
2022-12-31,LNT,1130173030
2022-12-31,ALL,1130173030
2022-12-31,GOOGL,1130173030
2022-12-31,GOOG,1130173030
2022-12-31,MO,1130173030
2022-12-31,AMZN,1130173030
2022-12-31,AMCR,1130173030
2022-12-31,AMD,1130173030
2022-12-31,AEE,1130173030
2022-12-31,AAL,1130173030
2022-12-31,AEP,1130173030
2022-12-31,AXP,1130173030
2022-12-31,AIG,1130173030
2022-12-31,AMT,1130173030
2022-12-31,AWK,1130173030
2022-12-31,AMP,1130173030
2022-12-31,ABC,1130173030
2022-12-31,AME,1130173030
2022-12-31,AMGN,1130173030
2022-12-31,APH,1130173030
2022-12-31,ADI,1130173030
2022-12-31,ANSS,1130173030
2022-12-31,AON,1130173030
2022-12-31,APA,1130173030
2022-12-31,AAPL,1130173030
2022-12-31,AMAT,1130173030
2022-12-31,APTV,1130173030
2022-12-31,ACGL,1130173030
2022-12-31,ANET,1130173030
2022-12-31,AJG,1130173030
2022-12-31,AIZ,1130173030
2022-12-31,T,1130173030
2022-12-31,ATO,1130173030
2022-12-31,ADSK,1130173030
2022-12-31,AZO,1130173030
2022-12-31,AVB,1130173030
2022-12-31,AVY,1130173030
2022-12-31,BKR,1130173030
2022-12-31,BALL,1130173030
2022-12-31,BAC,1130173030
2022-12-31,BBWI,1130173030
2022-12-31,BAX,1130173030
2022-12-31,BDX,1130173030
2022-12-31,WRB,1130173030
2022-12-31,BRK-B,1130173030
2022-12-31,BBY,1130173030
2022-12-31,BIO,1130173030
2022-12-31,TECH,1130173030
2022-12-31,BIIB,1130173030
2022-12-31,BLK,1130173030
2022-12-31,BK,1130173030
2022-12-31,BA,1130173030
2022-12-31,BKNG,1130173030
2022-12-31,BWA,1130173030
2022-12-31,BXP,1130173030
2022-12-31,BSX,1130173030
2022-12-31,BMY,1130173030
2022-12-31,AVGO,1130173030
2022-12-31,BR,1130173030
2022-12-31,BRO,1130173030
2022-12-31,BF-B,1130173030
2022-12-31,CHRW,1130173030
2022-12-31,CDNS,1130173030
2022-12-31,CZR,1130173030
2022-12-31,CPT,1130173030
2022-12-31,CPB,1130173030
2022-12-31,COF,1130173030
2022-12-31,CAH,1130173030
2022-12-31,KMX,1130173030
2022-12-31,CCL,1130173030
2022-12-31,CARR,1130173030
2022-12-31,CTLT,1130173030
2022-12-31,CAT,1130173030
2022-12-31,CBOE,1130173030
2022-12-31,CBRE,1130173030
2022-12-31,CDW,1130173030
2022-12-31,CE,1130173030
2022-12-31,CNC,1130173030
2022-12-31,CNP,1130173030
2022-12-31,CDAY,1130173030
2022-12-31,CF,1130173030
2022-12-31,CRL,1130173030
2022-12-31,SCHW,1130173030
2022-12-31,CHTR,1130173030
2022-12-31,CVX,1130173030
2022-12-31,CMG,1130173030
2022-12-31,CB,1130173030
2022-12-31,CHD,1130173030
2022-12-31,CI,1130173030
2022-12-31,CINF,1130173030
2022-12-31,CTAS,1130173030
2022-12-31,CSCO,1130173030
2022-12-31,C,1130173030
2022-12-31,CFG,1130173030
2022-12-31,CLX,1130173030
2022-12-31,CME,1130173030
2022-12-31,CMS,1130173030
2022-12-31,KO,1130173030
2022-12-31,CTSH,1130173030
2022-12-31,CL,1130173030
2022-12-31,CMCSA,1130173030
2022-12-31,CMA,1130173030
2022-12-31,CAG,1130173030
2022-12-31,COP,1130173030
2022-12-31,ED,1130173030
2022-12-31,STZ,1130173030
2022-12-31,CEG,1130173030
2022-12-31,COO,1130173030
2022-12-31,CPRT,1130173030
2022-12-31,GLW,1130173030
2022-12-31,CTVA,1130173030
2022-12-31,CSGP,1130173030
2022-12-31,COST,1130173030
2022-12-31,CTRA,1130173030
2022-12-31,CCI,1130173030
2022-12-31,CSX,1130173030
2022-12-31,CMI,1130173030
2022-12-31,CVS,1130173030
2022-12-31,DHI,1130173030
2022-12-31,DHR,1130173030
2022-12-31,DRI,1130173030
2022-12-31,DVA,1130173030
2022-12-31,DE,1130173030
2022-12-31,DAL,1130173030
2022-12-31,XRAY,1130173030
2022-12-31,DVN,1130173030
2022-12-31,DXCM,1130173030
2022-12-31,FANG,1130173030
2022-12-31,DLR,1130173030
2022-12-31,DFS,1130173030
2022-12-31,DISH,1130173030
2022-12-31,DIS,1130173030
2022-12-31,DG,1130173030
2022-12-31,DLTR,1130173030
2022-12-31,D,1130173030
2022-12-31,DPZ,1130173030
2022-12-31,DOV,1130173030
2022-12-31,DOW,1130173030
2022-12-31,DTE,1130173030
2022-12-31,DUK,1130173030
2022-12-31,DD,1130173030
2022-12-31,DXC,1130173030
2022-12-31,EMN,1130173030
2022-12-31,ETN,1130173030
2022-12-31,EBAY,1130173030
2022-12-31,ECL,1130173030
2022-12-31,EIX,1130173030
2022-12-31,EW,1130173030
2022-12-31,EA,1130173030
2022-12-31,ELV,1130173030
2022-12-31,LLY,1130173030
2022-12-31,EMR,1130173030
2022-12-31,ENPH,1130173030
2022-12-31,ETR,1130173030
2022-12-31,EOG,1130173030
2022-12-31,EPAM,1130173030
2022-12-31,EQT,1130173030
2022-12-31,EFX,1130173030
2022-12-31,EQIX,1130173030
2022-12-31,EQR,1130173030
2022-12-31,ESS,1130173030
2022-12-31,EL,1130173030
2022-12-31,ETSY,1130173030
2022-12-31,RE,1130173030
2022-12-31,EVRG,1130173030
2022-12-31,ES,1130173030
2022-12-31,EXC,1130173030
2022-12-31,EXPE,1130173030
2022-12-31,EXPD,1130173030
2022-12-31,EXR,1130173030
2022-12-31,XOM,1130173030
2022-12-31,FFIV,1130173030
2022-12-31,FDS,1130173030
2022-12-31,FAST,1130173030
2022-12-31,FRT,1130173030
2022-12-31,FDX,1130173030
2022-12-31,FITB,1130173030
2022-12-31,FRC,1130173030
2022-12-31,FSLR,1130173030
2022-12-31,FE,1130173030
2022-12-31,FIS,1130173030
2022-12-31,FISV,1130173030
2022-12-31,FLT,1130173030
2022-12-31,FMC,1130173030
2022-12-31,F,1130173030
2022-12-31,FTNT,1130173030
2022-12-31,FTV,1130173030
2022-12-31,FOXA,1130173030
2022-12-31,FOX,1130173030
2022-12-31,BEN,1130173030
2022-12-31,FCX,1130173030
2022-12-31,GRMN,1130173030
2022-12-31,IT,1130173030
2022-12-31,GEN,1130173030
2022-12-31,GNRC,1130173030
2022-12-31,GD,1130173030
2022-12-31,GE,1130173030
2022-12-31,GIS,1130173030
2022-12-31,GM,1130173030
2022-12-31,GPC,1130173030
2022-12-31,GILD,1130173030
2022-12-31,GL,1130173030
2022-12-31,GPN,1130173030
2022-12-31,GS,1130173030
2022-12-31,HAL,1130173030
2022-12-31,HIG,1130173030
2022-12-31,HAS,1130173030
2022-12-31,HCA,1130173030
2022-12-31,PEAK,1130173030
2022-12-31,HSIC,1130173030
2022-12-31,HSY,1130173030
2022-12-31,HES,1130173030
2022-12-31,HPE,1130173030
2022-12-31,HLT,1130173030
2022-12-31,HOLX,1130173030
2022-12-31,HD,1130173030
2022-12-31,HON,1130173030
2022-12-31,HRL,1130173030
2022-12-31,HST,1130173030
2022-12-31,HWM,1130173030
2022-12-31,HPQ,1130173030
2022-12-31,HUM,1130173030
2022-12-31,HBAN,1130173030
2022-12-31,HII,1130173030
2022-12-31,IBM,1130173030
2022-12-31,IEX,1130173030
2022-12-31,IDXX,1130173030
2022-12-31,ITW,1130173030
2022-12-31,ILMN,1130173030
2022-12-31,INCY,1130173030
2022-12-31,IR,1130173030
2022-12-31,INTC,1130173030
2022-12-31,ICE,1130173030
2022-12-31,IP,1130173030
2022-12-31,IPG,1130173030
2022-12-31,IFF,1130173030
2022-12-31,INTU,1130173030
2022-12-31,ISRG,1130173030
2022-12-31,IVZ,1130173030
2022-12-31,INVH,1130173030
2022-12-31,IQV,1130173030
2022-12-31,IRM,1130173030
2022-12-31,JBHT,1130173030
2022-12-31,JKHY,1130173030
2022-12-31,J,1130173030
2022-12-31,JNJ,1130173030
2022-12-31,JCI,1130173030
2022-12-31,JPM,1130173030
2022-12-31,JNPR,1130173030
2022-12-31,K,1130173030
2022-12-31,KDP,1130173030
2022-12-31,KEY,1130173030
2022-12-31,KEYS,1130173030
2022-12-31,KMB,1130173030
2022-12-31,KIM,1130173030
2022-12-31,KMI,1130173030
2022-12-31,KLAC,1130173030
2022-12-31,KHC,1130173030
2022-12-31,KR,1130173030
2022-12-31,LHX,1130173030
2022-12-31,LH,1130173030
2022-12-31,LRCX,1130173030
2022-12-31,LW,1130173030
2022-12-31,LVS,1130173030
2022-12-31,LDOS,1130173030
2022-12-31,LEN,1130173030
2022-12-31,LNC,1130173030
2022-12-31,LIN,1130173030
2022-12-31,LYV,1130173030
2022-12-31,LKQ,1130173030
2022-12-31,LMT,1130173030
2022-12-31,L,1130173030
2022-12-31,LOW,1130173030
2022-12-31,LUMN,1130173030
2022-12-31,LYB,1130173030
2022-12-31,MTB,1130173030
2022-12-31,MRO,1130173030
2022-12-31,MPC,1130173030
2022-12-31,MKTX,1130173030
2022-12-31,MAR,1130173030
2022-12-31,MMC,1130173030
2022-12-31,MLM,1130173030
2022-12-31,MAS,1130173030
2022-12-31,MA,1130173030
2022-12-31,MTCH,1130173030
2022-12-31,MKC,1130173030
2022-12-31,MCD,1130173030
2022-12-31,MCK,1130173030
2022-12-31,MDT,1130173030
2022-12-31,MRK,1130173030
2022-12-31,META,1130173030
2022-12-31,MET,1130173030
2022-12-31,MTD,1130173030
2022-12-31,MGM,1130173030
2022-12-31,MCHP,1130173030
2022-12-31,MU,1130173030
2022-12-31,MSFT,1130173030
2022-12-31,MAA,1130173030
2022-12-31,MRNA,1130173030
2022-12-31,MHK,1130173030
2022-12-31,MOH,1130173030
2022-12-31,TAP,1130173030
2022-12-31,MDLZ,1130173030
2022-12-31,MPWR,1130173030
2022-12-31,MNST,1130173030
2022-12-31,MCO,1130173030
2022-12-31,MS,1130173030
2022-12-31,MOS,1130173030
2022-12-31,MSI,1130173030
2022-12-31,MSCI,1130173030
2022-12-31,NDAQ,1130173030
2022-12-31,NTAP,1130173030
2022-12-31,NFLX,1130173030
2022-12-31,NWL,1130173030
2022-12-31,NEM,1130173030
2022-12-31,NWSA,1130173030
2022-12-31,NWS,1130173030
2022-12-31,NEE,1130173030
2022-12-31,NKE,1130173030
2022-12-31,NI,1130173030
2022-12-31,NDSN,1130173030
2022-12-31,NSC,1130173030
2022-12-31,NTRS,1130173030
2022-12-31,NOC,1130173030
2022-12-31,NCLH,1130173030
2022-12-31,NRG,1130173030
2022-12-31,NUE,1130173030
2022-12-31,NVDA,1130173030
2022-12-31,NVR,1130173030
2022-12-31,NXPI,1130173030
2022-12-31,ORLY,1130173030
2022-12-31,OXY,1130173030
2022-12-31,ODFL,1130173030
2022-12-31,OMC,1130173030
2022-12-31,ON,1130173030
2022-12-31,OKE,1130173030
2022-12-31,ORCL,1130173030
2022-12-31,OGN,1130173030
2022-12-31,OTIS,1130173030
2022-12-31,PCAR,1130173030
2022-12-31,PKG,1130173030
2022-12-31,PARA,1130173030
2022-12-31,PH,1130173030
2022-12-31,PAYX,1130173030
2022-12-31,PAYC,1130173030
2022-12-31,PYPL,1130173030
2022-12-31,PNR,1130173030
2022-12-31,PEP,1130173030
2022-12-31,PKI,1130173030
2022-12-31,PFE,1130173030
2022-12-31,PCG,1130173030
2022-12-31,PM,1130173030
2022-12-31,PSX,1130173030
2022-12-31,PNW,1130173030
2022-12-31,PXD,1130173030
2022-12-31,PNC,1130173030
2022-12-31,POOL,1130173030
2022-12-31,PPG,1130173030
2022-12-31,PPL,1130173030
2022-12-31,PFG,1130173030
2022-12-31,PG,1130173030
2022-12-31,PGR,1130173030
2022-12-31,PLD,1130173030
2022-12-31,PRU,1130173030
2022-12-31,PEG,1130173030
2022-12-31,PTC,1130173030
2022-12-31,PSA,1130173030
2022-12-31,PHM,1130173030
2022-12-31,QRVO,1130173030
2022-12-31,PWR,1130173030
2022-12-31,QCOM,1130173030
2022-12-31,DGX,1130173030
2022-12-31,RL,1130173030
2022-12-31,RJF,1130173030
2022-12-31,RTX,1130173030
2022-12-31,O,1130173030
2022-12-31,REG,1130173030
2022-12-31,REGN,1130173030
2022-12-31,RF,1130173030
2022-12-31,RSG,1130173030
2022-12-31,RMD,1130173030
2022-12-31,RHI,1130173030
2022-12-31,ROK,1130173030
2022-12-31,ROL,1130173030
2022-12-31,ROP,1130173030
2022-12-31,ROST,1130173030
2022-12-31,RCL,1130173030
2022-12-31,SPGI,1130173030
2022-12-31,CRM,1130173030
2022-12-31,SBAC,1130173030
2022-12-31,SLB,1130173030
2022-12-31,STX,1130173030
2022-12-31,SEE,1130173030
2022-12-31,SRE,1130173030
2022-12-31,NOW,1130173030
2022-12-31,SHW,1130173030
2022-12-31,SBNY,1130173030
2022-12-31,SPG,1130173030
2022-12-31,SWKS,1130173030
2022-12-31,SJM,1130173030
2022-12-31,SNA,1130173030
2022-12-31,SEDG,1130173030
2022-12-31,SO,1130173030
2022-12-31,LUV,1130173030
2022-12-31,SWK,1130173030
2022-12-31,SBUX,1130173030
2022-12-31,STT,1130173030
2022-12-31,STLD,1130173030
2022-12-31,STE,1130173030
2022-12-31,SYK,1130173030
2022-12-31,SIVB,1130173030
2022-12-31,SYF,1130173030
2022-12-31,SNPS,1130173030
2022-12-31,SYY,1130173030
2022-12-31,TMUS,1130173030
2022-12-31,TROW,1130173030
2022-12-31,TTWO,1130173030
2022-12-31,TPR,1130173030
2022-12-31,TRGP,1130173030
2022-12-31,TGT,1130173030
2022-12-31,TEL,1130173030
2022-12-31,TDY,1130173030
2022-12-31,TFX,1130173030
2022-12-31,TER,1130173030
2022-12-31,TSLA,1130173030
2022-12-31,TXN,1130173030
2022-12-31,TXT,1130173030
2022-12-31,TMO,1130173030
2022-12-31,TJX,1130173030
2022-12-31,TSCO,1130173030
2022-12-31,TT,1130173030
2022-12-31,TDG,1130173030
2022-12-31,TRV,1130173030
2022-12-31,TRMB,1130173030
2022-12-31,TFC,1130173030
2022-12-31,TYL,1130173030
2022-12-31,TSN,1130173030
2022-12-31,USB,1130173030
2022-12-31,UDR,1130173030
2022-12-31,ULTA,1130173030
2022-12-31,UNP,1130173030
2022-12-31,UAL,1130173030
2022-12-31,UPS,1130173030
2022-12-31,URI,1130173030
2022-12-31,UNH,1130173030
2022-12-31,UHS,1130173030
2022-12-31,VLO,1130173030
2022-12-31,VTR,1130173030
2022-12-31,VRSN,1130173030
2022-12-31,VRSK,1130173030
2022-12-31,VZ,1130173030
2022-12-31,VRTX,1130173030
2022-12-31,VFC,1130173030
2022-12-31,VTRS,1130173030
2022-12-31,VICI,1130173030
2022-12-31,V,1130173030
2022-12-31,VNO,1130173030
2022-12-31,VMC,1130173030
2022-12-31,WAB,1130173030
2022-12-31,WBA,1130173030
2022-12-31,WMT,1130173030
2022-12-31,WBD,1130173030
2022-12-31,WM,1130173030
2022-12-31,WAT,1130173030
2022-12-31,WEC,1130173030
2022-12-31,WFC,1130173030
2022-12-31,WELL,1130173030
2022-12-31,WST,1130173030
2022-12-31,WDC,1130173030
2022-12-31,WRK,1130173030
2022-12-31,WY,1130173030
2022-12-31,WHR,1130173030
2022-12-31,WMB,1130173030
2022-12-31,WTW,1130173030
2022-12-31,GWW,1130173030
2022-12-31,WYNN,1130173030
2022-12-31,XEL,1130173030
2022-12-31,XYL,1130173030
2022-12-31,YUM,1130173030
2022-12-31,ZBRA,1130173030
2022-12-31,ZBH,1130173030
2022-12-31,ZION,1130173030
2022-12-31,ZTS,1130173030
2023-03-31,MMM,1146429089
2023-03-31,AOS,1146429089
2023-03-31,ABT,1146429089
2023-03-31,ABBV,1146429089
2023-03-31,ACN,1146429089
2023-03-31,ATVI,1146429089
2023-03-31,ADM,1146429089
2023-03-31,ADBE,1146429089
2023-03-31,ADP,1146429089
2023-03-31,AAP,1146429089
2023-03-31,AES,1146429089
2023-03-31,AFL,1146429089
2023-03-31,A,1146429089
2023-03-31,APD,1146429089
2023-03-31,AKAM,1146429089
2023-03-31,ALK,1146429089
2023-03-31,ALB,1146429089
2023-03-31,ARE,1146429089
2023-03-31,ALGN,1146429089
2023-03-31,ALLE,1146429089
2023-03-31,LNT,1146429089
2023-03-31,ALL,1146429089
2023-03-31,GOOGL,1146429089
2023-03-31,GOOG,1146429089
2023-03-31,MO,1146429089
2023-03-31,AMZN,1146429089
2023-03-31,AMCR,1146429089
2023-03-31,AMD,1146429089
2023-03-31,AEE,1146429089
2023-03-31,AAL,1146429089
2023-03-31,AEP,1146429089
2023-03-31,AXP,1146429089
2023-03-31,AIG,1146429089
2023-03-31,AMT,1146429089
2023-03-31,AWK,1146429089
2023-03-31,AMP,1146429089
2023-03-31,ABC,1146429089
2023-03-31,AME,1146429089
2023-03-31,AMGN,1146429089
2023-03-31,APH,1146429089
2023-03-31,ADI,1146429089
2023-03-31,ANSS,1146429089
2023-03-31,AON,1146429089
2023-03-31,APA,1146429089
2023-03-31,AAPL,1146429089
2023-03-31,AMAT,1146429089
2023-03-31,APTV,1146429089
2023-03-31,ACGL,1146429089
2023-03-31,ANET,1146429089
2023-03-31,AJG,1146429089
2023-03-31,AIZ,1146429089
2023-03-31,T,1146429089
2023-03-31,ATO,1146429089
2023-03-31,ADSK,1146429089
2023-03-31,AZO,1146429089
2023-03-31,AVB,1146429089
2023-03-31,AVY,1146429089
2023-03-31,BKR,1146429089
2023-03-31,BALL,1146429089
2023-03-31,BAC,1146429089
2023-03-31,BBWI,1146429089
2023-03-31,BAX,1146429089
2023-03-31,BDX,1146429089
2023-03-31,WRB,1146429089
2023-03-31,BRK-B,1146429089
2023-03-31,BBY,1146429089
2023-03-31,BIO,1146429089
2023-03-31,TECH,1146429089
2023-03-31,BIIB,1146429089
2023-03-31,BLK,1146429089
2023-03-31,BK,1146429089
2023-03-31,BA,1146429089
2023-03-31,BKNG,1146429089
2023-03-31,BWA,1146429089
2023-03-31,BXP,1146429089
2023-03-31,BSX,1146429089
2023-03-31,BMY,1146429089
2023-03-31,AVGO,1146429089
2023-03-31,BR,1146429089
2023-03-31,BRO,1146429089
2023-03-31,BF-B,1146429089
2023-03-31,BG,1146429089
2023-03-31,CHRW,1146429089
2023-03-31,CDNS,1146429089
2023-03-31,CZR,1146429089
2023-03-31,CPT,1146429089
2023-03-31,CPB,1146429089
2023-03-31,COF,1146429089
2023-03-31,CAH,1146429089
2023-03-31,KMX,1146429089
2023-03-31,CCL,1146429089
2023-03-31,CARR,1146429089
2023-03-31,CTLT,1146429089
2023-03-31,CAT,1146429089
2023-03-31,CBOE,1146429089
2023-03-31,CBRE,1146429089
2023-03-31,CDW,1146429089
2023-03-31,CE,1146429089
2023-03-31,CNC,1146429089
2023-03-31,CNP,1146429089
2023-03-31,CDAY,1146429089
2023-03-31,CF,1146429089
2023-03-31,CRL,1146429089
2023-03-31,SCHW,1146429089
2023-03-31,CHTR,1146429089
2023-03-31,CVX,1146429089
2023-03-31,CMG,1146429089
2023-03-31,CB,1146429089
2023-03-31,CHD,1146429089
2023-03-31,CI,1146429089
2023-03-31,CINF,1146429089
2023-03-31,CTAS,1146429089
2023-03-31,CSCO,1146429089
2023-03-31,C,1146429089
2023-03-31,CFG,1146429089
2023-03-31,CLX,1146429089
2023-03-31,CME,1146429089
2023-03-31,CMS,1146429089
2023-03-31,KO,1146429089
2023-03-31,CTSH,1146429089
2023-03-31,CL,1146429089
2023-03-31,CMCSA,1146429089
2023-03-31,CMA,1146429089
2023-03-31,CAG,1146429089
2023-03-31,COP,1146429089
2023-03-31,ED,1146429089
2023-03-31,STZ,1146429089
2023-03-31,CEG,1146429089
2023-03-31,COO,1146429089
2023-03-31,CPRT,1146429089
2023-03-31,GLW,1146429089
2023-03-31,CTVA,1146429089
2023-03-31,CSGP,1146429089
2023-03-31,COST,1146429089
2023-03-31,CTRA,1146429089
2023-03-31,CCI,1146429089
2023-03-31,CSX,1146429089
2023-03-31,CMI,1146429089
2023-03-31,CVS,1146429089
2023-03-31,DHI,1146429089
2023-03-31,DHR,1146429089
2023-03-31,DRI,1146429089
2023-03-31,DVA,1146429089
2023-03-31,DE,1146429089
2023-03-31,DAL,1146429089
2023-03-31,XRAY,1146429089
2023-03-31,DVN,1146429089
2023-03-31,DXCM,1146429089
2023-03-31,FANG,1146429089
2023-03-31,DLR,1146429089
2023-03-31,DFS,1146429089
2023-03-31,DISH,1146429089
2023-03-31,DIS,1146429089
2023-03-31,DG,1146429089
2023-03-31,DLTR,1146429089
2023-03-31,D,1146429089
2023-03-31,DPZ,1146429089
2023-03-31,DOV,1146429089
2023-03-31,DOW,1146429089
2023-03-31,DTE,1146429089
2023-03-31,DUK,1146429089
2023-03-31,DD,1146429089
2023-03-31,DXC,1146429089
2023-03-31,EMN,1146429089
2023-03-31,ETN,1146429089
2023-03-31,EBAY,1146429089
2023-03-31,ECL,1146429089
2023-03-31,EIX,1146429089
2023-03-31,EW,1146429089
2023-03-31,EA,1146429089
2023-03-31,ELV,1146429089
2023-03-31,LLY,1146429089
2023-03-31,EMR,1146429089
2023-03-31,ENPH,1146429089
2023-03-31,ETR,1146429089
2023-03-31,EOG,1146429089
2023-03-31,EPAM,1146429089
2023-03-31,EQT,1146429089
2023-03-31,EFX,1146429089
2023-03-31,EQIX,1146429089
2023-03-31,EQR,1146429089
2023-03-31,ESS,1146429089
2023-03-31,EL,1146429089
2023-03-31,ETSY,1146429089
2023-03-31,RE,1146429089
2023-03-31,EVRG,1146429089
2023-03-31,ES,1146429089
2023-03-31,EXC,1146429089
2023-03-31,EXPE,1146429089
2023-03-31,EXPD,1146429089
2023-03-31,EXR,1146429089
2023-03-31,XOM,1146429089
2023-03-31,FFIV,1146429089
2023-03-31,FDS,1146429089
2023-03-31,FICO,1146429089
2023-03-31,FAST,1146429089
2023-03-31,FRT,1146429089
2023-03-31,FDX,1146429089
2023-03-31,FITB,1146429089
2023-03-31,FRC,1146429089
2023-03-31,FSLR,1146429089
2023-03-31,FE,1146429089
2023-03-31,FIS,1146429089
2023-03-31,FISV,1146429089
2023-03-31,FLT,1146429089
2023-03-31,FMC,1146429089
2023-03-31,F,1146429089
2023-03-31,FTNT,1146429089
2023-03-31,FTV,1146429089
2023-03-31,FOXA,1146429089
2023-03-31,FOX,1146429089
2023-03-31,BEN,1146429089
2023-03-31,FCX,1146429089
2023-03-31,GRMN,1146429089
2023-03-31,IT,1146429089
2023-03-31,GEHC,1146429089
2023-03-31,GEN,1146429089
2023-03-31,GNRC,1146429089
2023-03-31,GD,1146429089
2023-03-31,GE,1146429089
2023-03-31,GIS,1146429089
2023-03-31,GM,1146429089
2023-03-31,GPC,1146429089
2023-03-31,GILD,1146429089
2023-03-31,GL,1146429089
2023-03-31,GPN,1146429089
2023-03-31,GS,1146429089
2023-03-31,HAL,1146429089
2023-03-31,HIG,1146429089
2023-03-31,HAS,1146429089
2023-03-31,HCA,1146429089
2023-03-31,PEAK,1146429089
2023-03-31,HSIC,1146429089
2023-03-31,HSY,1146429089
2023-03-31,HES,1146429089
2023-03-31,HPE,1146429089
2023-03-31,HLT,1146429089
2023-03-31,HOLX,1146429089
2023-03-31,HD,1146429089
2023-03-31,HON,1146429089
2023-03-31,HRL,1146429089
2023-03-31,HST,1146429089
2023-03-31,HWM,1146429089
2023-03-31,HPQ,1146429089
2023-03-31,HUM,1146429089
2023-03-31,HBAN,1146429089
2023-03-31,HII,1146429089
2023-03-31,IBM,1146429089
2023-03-31,IEX,1146429089
2023-03-31,IDXX,1146429089
2023-03-31,ITW,1146429089
2023-03-31,ILMN,1146429089
2023-03-31,INCY,1146429089
2023-03-31,IR,1146429089
2023-03-31,PODD,1146429089
2023-03-31,INTC,1146429089
2023-03-31,ICE,1146429089
2023-03-31,IFF,1146429089
2023-03-31,IP,1146429089
2023-03-31,IPG,1146429089
2023-03-31,INTU,1146429089
2023-03-31,ISRG,1146429089
2023-03-31,IVZ,1146429089
2023-03-31,INVH,1146429089
2023-03-31,IQV,1146429089
2023-03-31,IRM,1146429089
2023-03-31,JBHT,1146429089
2023-03-31,JKHY,1146429089
2023-03-31,J,1146429089
2023-03-31,JNJ,1146429089
2023-03-31,JCI,1146429089
2023-03-31,JPM,1146429089
2023-03-31,JNPR,1146429089
2023-03-31,K,1146429089
2023-03-31,KDP,1146429089
2023-03-31,KEY,1146429089
2023-03-31,KEYS,1146429089
2023-03-31,KMB,1146429089
2023-03-31,KIM,1146429089
2023-03-31,KMI,1146429089
2023-03-31,KLAC,1146429089
2023-03-31,KHC,1146429089
2023-03-31,KR,1146429089
2023-03-31,LHX,1146429089
2023-03-31,LH,1146429089
2023-03-31,LRCX,1146429089
2023-03-31,LW,1146429089
2023-03-31,LVS,1146429089
2023-03-31,LDOS,1146429089
2023-03-31,LEN,1146429089
2023-03-31,LNC,1146429089
2023-03-31,LIN,1146429089
2023-03-31,LYV,1146429089
2023-03-31,LKQ,1146429089
2023-03-31,LMT,1146429089
2023-03-31,L,1146429089
2023-03-31,LOW,1146429089
2023-03-31,LYB,1146429089
2023-03-31,MTB,1146429089
2023-03-31,MRO,1146429089
2023-03-31,MPC,1146429089
2023-03-31,MKTX,1146429089
2023-03-31,MAR,1146429089
2023-03-31,MMC,1146429089
2023-03-31,MLM,1146429089
2023-03-31,MAS,1146429089
2023-03-31,MA,1146429089
2023-03-31,MTCH,1146429089
2023-03-31,MKC,1146429089
2023-03-31,MCD,1146429089
2023-03-31,MCK,1146429089
2023-03-31,MDT,1146429089
2023-03-31,MRK,1146429089
2023-03-31,META,1146429089
2023-03-31,MET,1146429089
2023-03-31,MTD,1146429089
2023-03-31,MGM,1146429089
2023-03-31,MCHP,1146429089
2023-03-31,MU,1146429089
2023-03-31,MSFT,1146429089
2023-03-31,MAA,1146429089
2023-03-31,MRNA,1146429089
2023-03-31,MHK,1146429089
2023-03-31,MOH,1146429089
2023-03-31,TAP,1146429089
2023-03-31,MDLZ,1146429089
2023-03-31,MPWR,1146429089
2023-03-31,MNST,1146429089
2023-03-31,MCO,1146429089
2023-03-31,MS,1146429089
2023-03-31,MOS,1146429089
2023-03-31,MSI,1146429089
2023-03-31,MSCI,1146429089
2023-03-31,NDAQ,1146429089
2023-03-31,NTAP,1146429089
2023-03-31,NFLX,1146429089
2023-03-31,NWL,1146429089
2023-03-31,NEM,1146429089
2023-03-31,NWSA,1146429089
2023-03-31,NWS,1146429089
2023-03-31,NEE,1146429089
2023-03-31,NKE,1146429089
2023-03-31,NI,1146429089
2023-03-31,NDSN,1146429089
2023-03-31,NSC,1146429089
2023-03-31,NTRS,1146429089
2023-03-31,NOC,1146429089
2023-03-31,NCLH,1146429089
2023-03-31,NRG,1146429089
2023-03-31,NUE,1146429089
2023-03-31,NVDA,1146429089
2023-03-31,NVR,1146429089
2023-03-31,NXPI,1146429089
2023-03-31,ORLY,1146429089
2023-03-31,OXY,1146429089
2023-03-31,ODFL,1146429089
2023-03-31,OMC,1146429089
2023-03-31,ON,1146429089
2023-03-31,OKE,1146429089
2023-03-31,ORCL,1146429089
2023-03-31,OGN,1146429089
2023-03-31,OTIS,1146429089
2023-03-31,PCAR,1146429089
2023-03-31,PKG,1146429089
2023-03-31,PARA,1146429089
2023-03-31,PH,1146429089
2023-03-31,PAYX,1146429089
2023-03-31,PAYC,1146429089
2023-03-31,PYPL,1146429089
2023-03-31,PNR,1146429089
2023-03-31,PEP,1146429089
2023-03-31,PKI,1146429089
2023-03-31,PFE,1146429089
2023-03-31,PCG,1146429089
2023-03-31,PM,1146429089
2023-03-31,PSX,1146429089
2023-03-31,PNW,1146429089
2023-03-31,PXD,1146429089
2023-03-31,PNC,1146429089
2023-03-31,POOL,1146429089
2023-03-31,PPG,1146429089
2023-03-31,PPL,1146429089
2023-03-31,PFG,1146429089
2023-03-31,PG,1146429089
2023-03-31,PGR,1146429089
2023-03-31,PLD,1146429089
2023-03-31,PRU,1146429089
2023-03-31,PEG,1146429089
2023-03-31,PTC,1146429089
2023-03-31,PSA,1146429089
2023-03-31,PHM,1146429089
2023-03-31,QRVO,1146429089
2023-03-31,PWR,1146429089
2023-03-31,QCOM,1146429089
2023-03-31,DGX,1146429089
2023-03-31,RL,1146429089
2023-03-31,RJF,1146429089
2023-03-31,RTX,1146429089
2023-03-31,O,1146429089
2023-03-31,REG,1146429089
2023-03-31,REGN,1146429089
2023-03-31,RF,1146429089
2023-03-31,RSG,1146429089
2023-03-31,RMD,1146429089
2023-03-31,RHI,1146429089
2023-03-31,ROK,1146429089
2023-03-31,ROL,1146429089
2023-03-31,ROP,1146429089
2023-03-31,ROST,1146429089
2023-03-31,RCL,1146429089
2023-03-31,SPGI,1146429089
2023-03-31,CRM,1146429089
2023-03-31,SBAC,1146429089
2023-03-31,SLB,1146429089
2023-03-31,STX,1146429089
2023-03-31,SEE,1146429089
2023-03-31,SRE,1146429089
2023-03-31,NOW,1146429089
2023-03-31,SHW,1146429089
2023-03-31,SPG,1146429089
2023-03-31,SWKS,1146429089
2023-03-31,SJM,1146429089
2023-03-31,SNA,1146429089
2023-03-31,SEDG,1146429089
2023-03-31,SO,1146429089
2023-03-31,LUV,1146429089
2023-03-31,SWK,1146429089
2023-03-31,SBUX,1146429089
2023-03-31,STT,1146429089
2023-03-31,STLD,1146429089
2023-03-31,STE,1146429089
2023-03-31,SYK,1146429089
2023-03-31,SYF,1146429089
2023-03-31,SNPS,1146429089
2023-03-31,SYY,1146429089
2023-03-31,TMUS,1146429089
2023-03-31,TROW,1146429089
2023-03-31,TTWO,1146429089
2023-03-31,TPR,1146429089
2023-03-31,TRGP,1146429089
2023-03-31,TGT,1146429089
2023-03-31,TEL,1146429089
2023-03-31,TDY,1146429089
2023-03-31,TFX,1146429089
2023-03-31,TER,1146429089
2023-03-31,TSLA,1146429089
2023-03-31,TXN,1146429089
2023-03-31,TXT,1146429089
2023-03-31,TMO,1146429089
2023-03-31,TJX,1146429089
2023-03-31,TSCO,1146429089
2023-03-31,TT,1146429089
2023-03-31,TDG,1146429089
2023-03-31,TRV,1146429089
2023-03-31,TRMB,1146429089
2023-03-31,TFC,1146429089
2023-03-31,TYL,1146429089
2023-03-31,TSN,1146429089
2023-03-31,USB,1146429089
2023-03-31,UDR,1146429089
2023-03-31,ULTA,1146429089
2023-03-31,UNP,1146429089
2023-03-31,UAL,1146429089
2023-03-31,UPS,1146429089
2023-03-31,URI,1146429089
2023-03-31,UNH,1146429089
2023-03-31,UHS,1146429089
2023-03-31,VLO,1146429089
2023-03-31,VTR,1146429089
2023-03-31,VRSN,1146429089
2023-03-31,VRSK,1146429089
2023-03-31,VZ,1146429089
2023-03-31,VRTX,1146429089
2023-03-31,VFC,1146429089
2023-03-31,VTRS,1146429089
2023-03-31,VICI,1146429089
2023-03-31,V,1146429089
2023-03-31,VMC,1146429089
2023-03-31,WAB,1146429089
2023-03-31,WBA,1146429089
2023-03-31,WMT,1146429089
2023-03-31,WBD,1146429089
2023-03-31,WM,1146429089
2023-03-31,WAT,1146429089
2023-03-31,WEC,1146429089
2023-03-31,WFC,1146429089
2023-03-31,WELL,1146429089
2023-03-31,WST,1146429089
2023-03-31,WDC,1146429089
2023-03-31,WRK,1146429089
2023-03-31,WY,1146429089
2023-03-31,WHR,1146429089
2023-03-31,WMB,1146429089
2023-03-31,WTW,1146429089
2023-03-31,GWW,1146429089
2023-03-31,WYNN,1146429089
2023-03-31,XEL,1146429089
2023-03-31,XYL,1146429089
2023-03-31,YUM,1146429089
2023-03-31,ZBRA,1146429089
2023-03-31,ZBH,1146429089
2023-03-31,ZION,1146429089
2023-03-31,ZTS,1146429089
2023-06-30,MMM,1160956732
2023-06-30,AOS,1160956732
2023-06-30,ABT,1160956732
2023-06-30,ABBV,1160956732
2023-06-30,ACN,1160956732
2023-06-30,ATVI,1160956732
2023-06-30,ADM,1160956732
2023-06-30,ADBE,1160956732
2023-06-30,ADP,1160956732
2023-06-30,AAP,1160956732
2023-06-30,AES,1160956732
2023-06-30,AFL,1160956732
2023-06-30,A,1160956732
2023-06-30,APD,1160956732
2023-06-30,AKAM,1160956732
2023-06-30,ALK,1160956732
2023-06-30,ALB,1160956732
2023-06-30,ARE,1160956732
2023-06-30,ALGN,1160956732
2023-06-30,ALLE,1160956732
2023-06-30,LNT,1160956732
2023-06-30,ALL,1160956732
2023-06-30,GOOGL,1160956732
2023-06-30,GOOG,1160956732
2023-06-30,MO,1160956732
2023-06-30,AMZN,1160956732
2023-06-30,AMCR,1160956732
2023-06-30,AMD,1160956732
2023-06-30,AEE,1160956732
2023-06-30,AAL,1160956732
2023-06-30,AEP,1160956732
2023-06-30,AXP,1160956732
2023-06-30,AIG,1160956732
2023-06-30,AMT,1160956732
2023-06-30,AWK,1160956732
2023-06-30,AMP,1160956732
2023-06-30,ABC,1160956732
2023-06-30,AME,1160956732
2023-06-30,AMGN,1160956732
2023-06-30,APH,1160956732
2023-06-30,ADI,1160956732
2023-06-30,ANSS,1160956732
2023-06-30,AON,1160956732
2023-06-30,APA,1160956732
2023-06-30,AAPL,1160956732
2023-06-30,AMAT,1160956732
2023-06-30,APTV,1160956732
2023-06-30,ACGL,1160956732
2023-06-30,ANET,1160956732
2023-06-30,AJG,1160956732
2023-06-30,AIZ,1160956732
2023-06-30,T,1160956732
2023-06-30,ATO,1160956732
2023-06-30,ADSK,1160956732
2023-06-30,AZO,1160956732
2023-06-30,AVB,1160956732
2023-06-30,AVY,1160956732
2023-06-30,AXON,1160956732
2023-06-30,BKR,1160956732
2023-06-30,BALL,1160956732
2023-06-30,BAC,1160956732
2023-06-30,BBWI,1160956732
2023-06-30,BAX,1160956732
2023-06-30,BDX,1160956732
2023-06-30,WRB,1160956732
2023-06-30,BRK-B,1160956732
2023-06-30,BBY,1160956732
2023-06-30,BIO,1160956732
2023-06-30,TECH,1160956732
2023-06-30,BIIB,1160956732
2023-06-30,BLK,1160956732
2023-06-30,BK,1160956732
2023-06-30,BA,1160956732
2023-06-30,BKNG,1160956732
2023-06-30,BWA,1160956732
2023-06-30,BXP,1160956732
2023-06-30,BSX,1160956732
2023-06-30,BMY,1160956732
2023-06-30,AVGO,1160956732
2023-06-30,BR,1160956732
2023-06-30,BRO,1160956732
2023-06-30,BF-B,1160956732
2023-06-30,BG,1160956732
2023-06-30,CHRW,1160956732
2023-06-30,CDNS,1160956732
2023-06-30,CZR,1160956732
2023-06-30,CPT,1160956732
2023-06-30,CPB,1160956732
2023-06-30,COF,1160956732
2023-06-30,CAH,1160956732
2023-06-30,KMX,1160956732
2023-06-30,CCL,1160956732
2023-06-30,CARR,1160956732
2023-06-30,CTLT,1160956732
2023-06-30,CAT,1160956732
2023-06-30,CBOE,1160956732
2023-06-30,CBRE,1160956732
2023-06-30,CDW,1160956732
2023-06-30,CE,1160956732
2023-06-30,CNC,1160956732
2023-06-30,CNP,1160956732
2023-06-30,CDAY,1160956732
2023-06-30,CF,1160956732
2023-06-30,CRL,1160956732
2023-06-30,SCHW,1160956732
2023-06-30,CHTR,1160956732
2023-06-30,CVX,1160956732
2023-06-30,CMG,1160956732
2023-06-30,CB,1160956732
2023-06-30,CHD,1160956732
2023-06-30,CI,1160956732
2023-06-30,CINF,1160956732
2023-06-30,CTAS,1160956732
2023-06-30,CSCO,1160956732
2023-06-30,C,1160956732
2023-06-30,CFG,1160956732
2023-06-30,CLX,1160956732
2023-06-30,CME,1160956732
2023-06-30,CMS,1160956732
2023-06-30,KO,1160956732
2023-06-30,CTSH,1160956732
2023-06-30,CL,1160956732
2023-06-30,CMCSA,1160956732
2023-06-30,CMA,1160956732
2023-06-30,CAG,1160956732
2023-06-30,COP,1160956732
2023-06-30,ED,1160956732
2023-06-30,STZ,1160956732
2023-06-30,CEG,1160956732
2023-06-30,COO,1160956732
2023-06-30,CPRT,1160956732
2023-06-30,GLW,1160956732
2023-06-30,CTVA,1160956732
2023-06-30,CSGP,1160956732
2023-06-30,COST,1160956732
2023-06-30,CTRA,1160956732
2023-06-30,CCI,1160956732
2023-06-30,CSX,1160956732
2023-06-30,CMI,1160956732
2023-06-30,CVS,1160956732
2023-06-30,DHI,1160956732
2023-06-30,DHR,1160956732
2023-06-30,DRI,1160956732
2023-06-30,DVA,1160956732
2023-06-30,DE,1160956732
2023-06-30,DAL,1160956732
2023-06-30,XRAY,1160956732
2023-06-30,DVN,1160956732
2023-06-30,DXCM,1160956732
2023-06-30,FANG,1160956732
2023-06-30,DLR,1160956732
2023-06-30,DFS,1160956732
2023-06-30,DIS,1160956732
2023-06-30,DG,1160956732
2023-06-30,DLTR,1160956732
2023-06-30,D,1160956732
2023-06-30,DPZ,1160956732
2023-06-30,DOV,1160956732
2023-06-30,DOW,1160956732
2023-06-30,DTE,1160956732
2023-06-30,DUK,1160956732
2023-06-30,DD,1160956732
2023-06-30,DXC,1160956732
2023-06-30,EMN,1160956732
2023-06-30,ETN,1160956732
2023-06-30,EBAY,1160956732
2023-06-30,ECL,1160956732
2023-06-30,EIX,1160956732
2023-06-30,EW,1160956732
2023-06-30,EA,1160956732
2023-06-30,ELV,1160956732
2023-06-30,LLY,1160956732
2023-06-30,EMR,1160956732
2023-06-30,ENPH,1160956732
2023-06-30,ETR,1160956732
2023-06-30,EOG,1160956732
2023-06-30,EPAM,1160956732
2023-06-30,EQT,1160956732
2023-06-30,EFX,1160956732
2023-06-30,EQIX,1160956732
2023-06-30,EQR,1160956732
2023-06-30,ESS,1160956732
2023-06-30,EL,1160956732
2023-06-30,ETSY,1160956732
2023-06-30,RE,1160956732
2023-06-30,EVRG,1160956732
2023-06-30,ES,1160956732
2023-06-30,EXC,1160956732
2023-06-30,EXPE,1160956732
2023-06-30,EXPD,1160956732
2023-06-30,EXR,1160956732
2023-06-30,XOM,1160956732
2023-06-30,FFIV,1160956732
2023-06-30,FDS,1160956732
2023-06-30,FICO,1160956732
2023-06-30,FAST,1160956732
2023-06-30,FRT,1160956732
2023-06-30,FDX,1160956732
2023-06-30,FITB,1160956732
2023-06-30,FSLR,1160956732
2023-06-30,FE,1160956732
2023-06-30,FIS,1160956732
2023-06-30,FI,1160956732
2023-06-30,FLT,1160956732
2023-06-30,FMC,1160956732
2023-06-30,F,1160956732
2023-06-30,FTNT,1160956732
2023-06-30,FTV,1160956732
2023-06-30,FOXA,1160956732
2023-06-30,FOX,1160956732
2023-06-30,BEN,1160956732
2023-06-30,FCX,1160956732
2023-06-30,GRMN,1160956732
2023-06-30,IT,1160956732
2023-06-30,GEHC,1160956732
2023-06-30,GEN,1160956732
2023-06-30,GNRC,1160956732
2023-06-30,GD,1160956732
2023-06-30,GE,1160956732
2023-06-30,GIS,1160956732
2023-06-30,GM,1160956732
2023-06-30,GPC,1160956732
2023-06-30,GILD,1160956732
2023-06-30,GL,1160956732
2023-06-30,GPN,1160956732
2023-06-30,GS,1160956732
2023-06-30,HAL,1160956732
2023-06-30,HIG,1160956732
2023-06-30,HAS,1160956732
2023-06-30,HCA,1160956732
2023-06-30,PEAK,1160956732
2023-06-30,HSIC,1160956732
2023-06-30,HSY,1160956732
2023-06-30,HES,1160956732
2023-06-30,HPE,1160956732
2023-06-30,HLT,1160956732
2023-06-30,HOLX,1160956732
2023-06-30,HD,1160956732
2023-06-30,HON,1160956732
2023-06-30,HRL,1160956732
2023-06-30,HST,1160956732
2023-06-30,HWM,1160956732
2023-06-30,HPQ,1160956732
2023-06-30,HUM,1160956732
2023-06-30,HBAN,1160956732
2023-06-30,HII,1160956732
2023-06-30,IBM,1160956732
2023-06-30,IEX,1160956732
2023-06-30,IDXX,1160956732
2023-06-30,ITW,1160956732
2023-06-30,ILMN,1160956732
2023-06-30,INCY,1160956732
2023-06-30,IR,1160956732
2023-06-30,PODD,1160956732
2023-06-30,INTC,1160956732
2023-06-30,ICE,1160956732
2023-06-30,IFF,1160956732
2023-06-30,IP,1160956732
2023-06-30,IPG,1160956732
2023-06-30,INTU,1160956732
2023-06-30,ISRG,1160956732
2023-06-30,IVZ,1160956732
2023-06-30,INVH,1160956732
2023-06-30,IQV,1160956732
2023-06-30,IRM,1160956732
2023-06-30,JBHT,1160956732
2023-06-30,JKHY,1160956732
2023-06-30,J,1160956732
2023-06-30,JNJ,1160956732
2023-06-30,JCI,1160956732
2023-06-30,JPM,1160956732
2023-06-30,JNPR,1160956732
2023-06-30,K,1160956732
2023-06-30,KDP,1160956732
2023-06-30,KEY,1160956732
2023-06-30,KEYS,1160956732
2023-06-30,KMB,1160956732
2023-06-30,KIM,1160956732
2023-06-30,KMI,1160956732
2023-06-30,KLAC,1160956732
2023-06-30,KHC,1160956732
2023-06-30,KR,1160956732
2023-06-30,LHX,1160956732
2023-06-30,LH,1160956732
2023-06-30,LRCX,1160956732
2023-06-30,LW,1160956732
2023-06-30,LVS,1160956732
2023-06-30,LDOS,1160956732
2023-06-30,LEN,1160956732
2023-06-30,LNC,1160956732
2023-06-30,LIN,1160956732
2023-06-30,LYV,1160956732
2023-06-30,LKQ,1160956732
2023-06-30,LMT,1160956732
2023-06-30,L,1160956732
2023-06-30,LOW,1160956732
2023-06-30,LYB,1160956732
2023-06-30,MTB,1160956732
2023-06-30,MRO,1160956732
2023-06-30,MPC,1160956732
2023-06-30,MKTX,1160956732
2023-06-30,MAR,1160956732
2023-06-30,MMC,1160956732
2023-06-30,MLM,1160956732
2023-06-30,MAS,1160956732
2023-06-30,MA,1160956732
2023-06-30,MTCH,1160956732
2023-06-30,MKC,1160956732
2023-06-30,MCD,1160956732
2023-06-30,MCK,1160956732
2023-06-30,MDT,1160956732
2023-06-30,MRK,1160956732
2023-06-30,META,1160956732
2023-06-30,MET,1160956732
2023-06-30,MTD,1160956732
2023-06-30,MGM,1160956732
2023-06-30,MCHP,1160956732
2023-06-30,MU,1160956732
2023-06-30,MSFT,1160956732
2023-06-30,MAA,1160956732
2023-06-30,MRNA,1160956732
2023-06-30,MHK,1160956732
2023-06-30,MOH,1160956732
2023-06-30,TAP,1160956732
2023-06-30,MDLZ,1160956732
2023-06-30,MPWR,1160956732
2023-06-30,MNST,1160956732
2023-06-30,MCO,1160956732
2023-06-30,MS,1160956732
2023-06-30,MOS,1160956732
2023-06-30,MSI,1160956732
2023-06-30,MSCI,1160956732
2023-06-30,NDAQ,1160956732
2023-06-30,NTAP,1160956732
2023-06-30,NFLX,1160956732
2023-06-30,NWL,1160956732
2023-06-30,NEM,1160956732
2023-06-30,NWSA,1160956732
2023-06-30,NWS,1160956732
2023-06-30,NEE,1160956732
2023-06-30,NKE,1160956732
2023-06-30,NI,1160956732
2023-06-30,NDSN,1160956732
2023-06-30,NSC,1160956732
2023-06-30,NTRS,1160956732
2023-06-30,NOC,1160956732
2023-06-30,NCLH,1160956732
2023-06-30,NRG,1160956732
2023-06-30,NUE,1160956732
2023-06-30,NVDA,1160956732
2023-06-30,NVR,1160956732
2023-06-30,NXPI,1160956732
2023-06-30,ORLY,1160956732
2023-06-30,OXY,1160956732
2023-06-30,ODFL,1160956732
2023-06-30,OMC,1160956732
2023-06-30,ON,1160956732
2023-06-30,OKE,1160956732
2023-06-30,ORCL,1160956732
2023-06-30,OGN,1160956732
2023-06-30,OTIS,1160956732
2023-06-30,PCAR,1160956732
2023-06-30,PKG,1160956732
2023-06-30,PANW,1160956732
2023-06-30,PARA,1160956732
2023-06-30,PH,1160956732
2023-06-30,PAYX,1160956732
2023-06-30,PAYC,1160956732
2023-06-30,PYPL,1160956732
2023-06-30,PNR,1160956732
2023-06-30,PEP,1160956732
2023-06-30,PFE,1160956732
2023-06-30,PCG,1160956732
2023-06-30,PM,1160956732
2023-06-30,PSX,1160956732
2023-06-30,PNW,1160956732
2023-06-30,PXD,1160956732
2023-06-30,PNC,1160956732
2023-06-30,POOL,1160956732
2023-06-30,PPG,1160956732
2023-06-30,PPL,1160956732
2023-06-30,PFG,1160956732
2023-06-30,PG,1160956732
2023-06-30,PGR,1160956732
2023-06-30,PLD,1160956732
2023-06-30,PRU,1160956732
2023-06-30,PEG,1160956732
2023-06-30,PTC,1160956732
2023-06-30,PSA,1160956732
2023-06-30,PHM,1160956732
2023-06-30,QRVO,1160956732
2023-06-30,PWR,1160956732
2023-06-30,QCOM,1160956732
2023-06-30,DGX,1160956732
2023-06-30,RL,1160956732
2023-06-30,RJF,1160956732
2023-06-30,RTX,1160956732
2023-06-30,O,1160956732
2023-06-30,REG,1160956732
2023-06-30,REGN,1160956732
2023-06-30,RF,1160956732
2023-06-30,RSG,1160956732
2023-06-30,RMD,1160956732
2023-06-30,RVTY,1160956732
2023-06-30,RHI,1160956732
2023-06-30,ROK,1160956732
2023-06-30,ROL,1160956732
2023-06-30,ROP,1160956732
2023-06-30,ROST,1160956732
2023-06-30,RCL,1160956732
2023-06-30,SPGI,1160956732
2023-06-30,CRM,1160956732
2023-06-30,SBAC,1160956732
2023-06-30,SLB,1160956732
2023-06-30,STX,1160956732
2023-06-30,SEE,1160956732
2023-06-30,SRE,1160956732
2023-06-30,NOW,1160956732
2023-06-30,SHW,1160956732
2023-06-30,SPG,1160956732
2023-06-30,SWKS,1160956732
2023-06-30,SJM,1160956732
2023-06-30,SNA,1160956732
2023-06-30,SEDG,1160956732
2023-06-30,SO,1160956732
2023-06-30,LUV,1160956732
2023-06-30,SWK,1160956732
2023-06-30,SBUX,1160956732
2023-06-30,STT,1160956732
2023-06-30,STLD,1160956732
2023-06-30,STE,1160956732
2023-06-30,SYK,1160956732
2023-06-30,SYF,1160956732
2023-06-30,SNPS,1160956732
2023-06-30,SYY,1160956732
2023-06-30,TMUS,1160956732
2023-06-30,TROW,1160956732
2023-06-30,TTWO,1160956732
2023-06-30,TPR,1160956732
2023-06-30,TRGP,1160956732
2023-06-30,TGT,1160956732
2023-06-30,TEL,1160956732
2023-06-30,TDY,1160956732
2023-06-30,TFX,1160956732
2023-06-30,TER,1160956732
2023-06-30,TSLA,1160956732
2023-06-30,TXN,1160956732
2023-06-30,TXT,1160956732
2023-06-30,TMO,1160956732
2023-06-30,TJX,1160956732
2023-06-30,TSCO,1160956732
2023-06-30,TT,1160956732
2023-06-30,TDG,1160956732
2023-06-30,TRV,1160956732
2023-06-30,TRMB,1160956732
2023-06-30,TFC,1160956732
2023-06-30,TYL,1160956732
2023-06-30,TSN,1160956732
2023-06-30,USB,1160956732
2023-06-30,UDR,1160956732
2023-06-30,ULTA,1160956732
2023-06-30,UNP,1160956732
2023-06-30,UAL,1160956732
2023-06-30,UPS,1160956732
2023-06-30,URI,1160956732
2023-06-30,UNH,1160956732
2023-06-30,UHS,1160956732
2023-06-30,VLO,1160956732
2023-06-30,VTR,1160956732
2023-06-30,VRSN,1160956732
2023-06-30,VRSK,1160956732
2023-06-30,VZ,1160956732
2023-06-30,VRTX,1160956732
2023-06-30,VFC,1160956732
2023-06-30,VTRS,1160956732
2023-06-30,VICI,1160956732
2023-06-30,V,1160956732
2023-06-30,VMC,1160956732
2023-06-30,WAB,1160956732
2023-06-30,WBA,1160956732
2023-06-30,WMT,1160956732
2023-06-30,WBD,1160956732
2023-06-30,WM,1160956732
2023-06-30,WAT,1160956732
2023-06-30,WEC,1160956732
2023-06-30,WFC,1160956732
2023-06-30,WELL,1160956732
2023-06-30,WST,1160956732
2023-06-30,WDC,1160956732
2023-06-30,WRK,1160956732
2023-06-30,WY,1160956732
2023-06-30,WHR,1160956732
2023-06-30,WMB,1160956732
2023-06-30,WTW,1160956732
2023-06-30,GWW,1160956732
2023-06-30,WYNN,1160956732
2023-06-30,XEL,1160956732
2023-06-30,XYL,1160956732
2023-06-30,YUM,1160956732
2023-06-30,ZBRA,1160956732
2023-06-30,ZBH,1160956732
2023-06-30,ZION,1160956732
2023-06-30,ZTS,1160956732
2023-09-30,MMM,1177710839
2023-09-30,AOS,1177710839
2023-09-30,ABT,1177710839
2023-09-30,ABBV,1177710839
2023-09-30,ACN,1177710839
2023-09-30,ATVI,1177710839
2023-09-30,ADM,1177710839
2023-09-30,ADBE,1177710839
2023-09-30,ADP,1177710839
2023-09-30,AES,1177710839
2023-09-30,AFL,1177710839
2023-09-30,A,1177710839
2023-09-30,ABNB,1177710839
2023-09-30,APD,1177710839
2023-09-30,AKAM,1177710839
2023-09-30,ALK,1177710839
2023-09-30,ALB,1177710839
2023-09-30,ARE,1177710839
2023-09-30,ALGN,1177710839
2023-09-30,ALLE,1177710839
2023-09-30,LNT,1177710839
2023-09-30,ALL,1177710839
2023-09-30,GOOGL,1177710839
2023-09-30,GOOG,1177710839
2023-09-30,MO,1177710839
2023-09-30,AMZN,1177710839
2023-09-30,AMCR,1177710839
2023-09-30,AMD,1177710839
2023-09-30,AEE,1177710839
2023-09-30,AAL,1177710839
2023-09-30,AEP,1177710839
2023-09-30,AXP,1177710839
2023-09-30,AIG,1177710839
2023-09-30,AMT,1177710839
2023-09-30,AWK,1177710839
2023-09-30,AMP,1177710839
2023-09-30,AME,1177710839
2023-09-30,AMGN,1177710839
2023-09-30,APH,1177710839
2023-09-30,ADI,1177710839
2023-09-30,ANSS,1177710839
2023-09-30,AON,1177710839
2023-09-30,APA,1177710839
2023-09-30,AAPL,1177710839
2023-09-30,AMAT,1177710839
2023-09-30,APTV,1177710839
2023-09-30,ACGL,1177710839
2023-09-30,ANET,1177710839
2023-09-30,AJG,1177710839
2023-09-30,AIZ,1177710839
2023-09-30,T,1177710839
2023-09-30,ATO,1177710839
2023-09-30,ADSK,1177710839
2023-09-30,AZO,1177710839
2023-09-30,AVB,1177710839
2023-09-30,AVY,1177710839
2023-09-30,AXON,1177710839
2023-09-30,BKR,1177710839
2023-09-30,BALL,1177710839
2023-09-30,BAC,1177710839
2023-09-30,BBWI,1177710839
2023-09-30,BAX,1177710839
2023-09-30,BDX,1177710839
2023-09-30,WRB,1177710839
2023-09-30,BRK-B,1177710839
2023-09-30,BBY,1177710839
2023-09-30,BIO,1177710839
2023-09-30,TECH,1177710839
2023-09-30,BIIB,1177710839
2023-09-30,BLK,1177710839
2023-09-30,BX,1177710839
2023-09-30,BK,1177710839
2023-09-30,BA,1177710839
2023-09-30,BKNG,1177710839
2023-09-30,BWA,1177710839
2023-09-30,BXP,1177710839
2023-09-30,BSX,1177710839
2023-09-30,BMY,1177710839
2023-09-30,AVGO,1177710839
2023-09-30,BR,1177710839
2023-09-30,BRO,1177710839
2023-09-30,BF-B,1177710839
2023-09-30,BG,1177710839
2023-09-30,CHRW,1177710839
2023-09-30,CDNS,1177710839
2023-09-30,CZR,1177710839
2023-09-30,CPT,1177710839
2023-09-30,CPB,1177710839
2023-09-30,COF,1177710839
2023-09-30,CAH,1177710839
2023-09-30,KMX,1177710839
2023-09-30,CCL,1177710839
2023-09-30,CARR,1177710839
2023-09-30,CTLT,1177710839
2023-09-30,CAT,1177710839
2023-09-30,CBOE,1177710839
2023-09-30,CBRE,1177710839
2023-09-30,CDW,1177710839
2023-09-30,CE,1177710839
2023-09-30,COR,1177710839
2023-09-30,CNC,1177710839
2023-09-30,CNP,1177710839
2023-09-30,CDAY,1177710839
2023-09-30,CF,1177710839
2023-09-30,CRL,1177710839
2023-09-30,SCHW,1177710839
2023-09-30,CHTR,1177710839
2023-09-30,CVX,1177710839
2023-09-30,CMG,1177710839
2023-09-30,CB,1177710839
2023-09-30,CHD,1177710839
2023-09-30,CI,1177710839
2023-09-30,CINF,1177710839
2023-09-30,CTAS,1177710839
2023-09-30,CSCO,1177710839
2023-09-30,C,1177710839
2023-09-30,CFG,1177710839
2023-09-30,CLX,1177710839
2023-09-30,CME,1177710839
2023-09-30,CMS,1177710839
2023-09-30,KO,1177710839
2023-09-30,CTSH,1177710839
2023-09-30,CL,1177710839
2023-09-30,CMCSA,1177710839
2023-09-30,CMA,1177710839
2023-09-30,CAG,1177710839
2023-09-30,COP,1177710839
2023-09-30,ED,1177710839
2023-09-30,STZ,1177710839
2023-09-30,CEG,1177710839
2023-09-30,COO,1177710839
2023-09-30,CPRT,1177710839
2023-09-30,GLW,1177710839
2023-09-30,CTVA,1177710839
2023-09-30,CSGP,1177710839
2023-09-30,COST,1177710839
2023-09-30,CTRA,1177710839
2023-09-30,CCI,1177710839
2023-09-30,CSX,1177710839
2023-09-30,CMI,1177710839
2023-09-30,CVS,1177710839
2023-09-30,DHI,1177710839
2023-09-30,DHR,1177710839
2023-09-30,DRI,1177710839
2023-09-30,DVA,1177710839
2023-09-30,DE,1177710839
2023-09-30,DAL,1177710839
2023-09-30,XRAY,1177710839
2023-09-30,DVN,1177710839
2023-09-30,DXCM,1177710839
2023-09-30,FANG,1177710839
2023-09-30,DLR,1177710839
2023-09-30,DFS,1177710839
2023-09-30,DIS,1177710839
2023-09-30,DG,1177710839
2023-09-30,DLTR,1177710839
2023-09-30,D,1177710839
2023-09-30,DPZ,1177710839
2023-09-30,DOV,1177710839
2023-09-30,DOW,1177710839
2023-09-30,DTE,1177710839
2023-09-30,DUK,1177710839
2023-09-30,DD,1177710839
2023-09-30,DXC,1177710839
2023-09-30,EMN,1177710839
2023-09-30,ETN,1177710839
2023-09-30,EBAY,1177710839
2023-09-30,ECL,1177710839
2023-09-30,EIX,1177710839
2023-09-30,EW,1177710839
2023-09-30,EA,1177710839
2023-09-30,ELV,1177710839
2023-09-30,LLY,1177710839
2023-09-30,EMR,1177710839
2023-09-30,ENPH,1177710839
2023-09-30,ETR,1177710839
2023-09-30,EOG,1177710839
2023-09-30,EPAM,1177710839
2023-09-30,EQT,1177710839
2023-09-30,EFX,1177710839
2023-09-30,EQIX,1177710839
2023-09-30,EQR,1177710839
2023-09-30,ESS,1177710839
2023-09-30,EL,1177710839
2023-09-30,ETSY,1177710839
2023-09-30,EG,1177710839
2023-09-30,EVRG,1177710839
2023-09-30,ES,1177710839
2023-09-30,EXC,1177710839
2023-09-30,EXPE,1177710839
2023-09-30,EXPD,1177710839
2023-09-30,EXR,1177710839
2023-09-30,XOM,1177710839
2023-09-30,FFIV,1177710839
2023-09-30,FDS,1177710839
2023-09-30,FICO,1177710839
2023-09-30,FAST,1177710839
2023-09-30,FRT,1177710839
2023-09-30,FDX,1177710839
2023-09-30,FITB,1177710839
2023-09-30,FSLR,1177710839
2023-09-30,FE,1177710839
2023-09-30,FIS,1177710839
2023-09-30,FI,1177710839
2023-09-30,FLT,1177710839
2023-09-30,FMC,1177710839
2023-09-30,F,1177710839
2023-09-30,FTNT,1177710839
2023-09-30,FTV,1177710839
2023-09-30,FOXA,1177710839
2023-09-30,FOX,1177710839
2023-09-30,BEN,1177710839
2023-09-30,FCX,1177710839
2023-09-30,GRMN,1177710839
2023-09-30,IT,1177710839
2023-09-30,GEHC,1177710839
2023-09-30,GEN,1177710839
2023-09-30,GNRC,1177710839
2023-09-30,GD,1177710839
2023-09-30,GE,1177710839
2023-09-30,GIS,1177710839
2023-09-30,GM,1177710839
2023-09-30,GPC,1177710839
2023-09-30,GILD,1177710839
2023-09-30,GL,1177710839
2023-09-30,GPN,1177710839
2023-09-30,GS,1177710839
2023-09-30,HAL,1177710839
2023-09-30,HIG,1177710839
2023-09-30,HAS,1177710839
2023-09-30,HCA,1177710839
2023-09-30,PEAK,1177710839
2023-09-30,HSIC,1177710839
2023-09-30,HSY,1177710839
2023-09-30,HES,1177710839
2023-09-30,HPE,1177710839
2023-09-30,HLT,1177710839
2023-09-30,HOLX,1177710839
2023-09-30,HD,1177710839
2023-09-30,HON,1177710839
2023-09-30,HRL,1177710839
2023-09-30,HST,1177710839
2023-09-30,HWM,1177710839
2023-09-30,HPQ,1177710839
2023-09-30,HUM,1177710839
2023-09-30,HBAN,1177710839
2023-09-30,HII,1177710839
2023-09-30,IBM,1177710839
2023-09-30,IEX,1177710839
2023-09-30,IDXX,1177710839
2023-09-30,ITW,1177710839
2023-09-30,ILMN,1177710839
2023-09-30,INCY,1177710839
2023-09-30,IR,1177710839
2023-09-30,PODD,1177710839
2023-09-30,INTC,1177710839
2023-09-30,ICE,1177710839
2023-09-30,IFF,1177710839
2023-09-30,IP,1177710839
2023-09-30,IPG,1177710839
2023-09-30,INTU,1177710839
2023-09-30,ISRG,1177710839
2023-09-30,IVZ,1177710839
2023-09-30,INVH,1177710839
2023-09-30,IQV,1177710839
2023-09-30,IRM,1177710839
2023-09-30,JBHT,1177710839
2023-09-30,JKHY,1177710839
2023-09-30,J,1177710839
2023-09-30,JNJ,1177710839
2023-09-30,JCI,1177710839
2023-09-30,JPM,1177710839
2023-09-30,JNPR,1177710839
2023-09-30,K,1177710839
2023-09-30,KVUE,1177710839
2023-09-30,KDP,1177710839
2023-09-30,KEY,1177710839
2023-09-30,KEYS,1177710839
2023-09-30,KMB,1177710839
2023-09-30,KIM,1177710839
2023-09-30,KMI,1177710839
2023-09-30,KLAC,1177710839
2023-09-30,KHC,1177710839
2023-09-30,KR,1177710839
2023-09-30,LHX,1177710839
2023-09-30,LH,1177710839
2023-09-30,LRCX,1177710839
2023-09-30,LW,1177710839
2023-09-30,LVS,1177710839
2023-09-30,LDOS,1177710839
2023-09-30,LEN,1177710839
2023-09-30,LIN,1177710839
2023-09-30,LYV,1177710839
2023-09-30,LKQ,1177710839
2023-09-30,LMT,1177710839
2023-09-30,L,1177710839
2023-09-30,LOW,1177710839
2023-09-30,LYB,1177710839
2023-09-30,MTB,1177710839
2023-09-30,MRO,1177710839
2023-09-30,MPC,1177710839
2023-09-30,MKTX,1177710839
2023-09-30,MAR,1177710839
2023-09-30,MMC,1177710839
2023-09-30,MLM,1177710839
2023-09-30,MAS,1177710839
2023-09-30,MA,1177710839
2023-09-30,MTCH,1177710839
2023-09-30,MKC,1177710839
2023-09-30,MCD,1177710839
2023-09-30,MCK,1177710839
2023-09-30,MDT,1177710839
2023-09-30,MRK,1177710839
2023-09-30,META,1177710839
2023-09-30,MET,1177710839
2023-09-30,MTD,1177710839
2023-09-30,MGM,1177710839
2023-09-30,MCHP,1177710839
2023-09-30,MU,1177710839
2023-09-30,MSFT,1177710839
2023-09-30,MAA,1177710839
2023-09-30,MRNA,1177710839
2023-09-30,MHK,1177710839
2023-09-30,MOH,1177710839
2023-09-30,TAP,1177710839
2023-09-30,MDLZ,1177710839
2023-09-30,MPWR,1177710839
2023-09-30,MNST,1177710839
2023-09-30,MCO,1177710839
2023-09-30,MS,1177710839
2023-09-30,MOS,1177710839
2023-09-30,MSI,1177710839
2023-09-30,MSCI,1177710839
2023-09-30,NDAQ,1177710839
2023-09-30,NTAP,1177710839
2023-09-30,NFLX,1177710839
2023-09-30,NEM,1177710839
2023-09-30,NWSA,1177710839
2023-09-30,NWS,1177710839
2023-09-30,NEE,1177710839
2023-09-30,NKE,1177710839
2023-09-30,NI,1177710839
2023-09-30,NDSN,1177710839
2023-09-30,NSC,1177710839
2023-09-30,NTRS,1177710839
2023-09-30,NOC,1177710839
2023-09-30,NCLH,1177710839
2023-09-30,NRG,1177710839
2023-09-30,NUE,1177710839
2023-09-30,NVDA,1177710839
2023-09-30,NVR,1177710839
2023-09-30,NXPI,1177710839
2023-09-30,ORLY,1177710839
2023-09-30,OXY,1177710839
2023-09-30,ODFL,1177710839
2023-09-30,OMC,1177710839
2023-09-30,ON,1177710839
2023-09-30,OKE,1177710839
2023-09-30,ORCL,1177710839
2023-09-30,OGN,1177710839
2023-09-30,OTIS,1177710839
2023-09-30,PCAR,1177710839
2023-09-30,PKG,1177710839
2023-09-30,PANW,1177710839
2023-09-30,PARA,1177710839
2023-09-30,PH,1177710839
2023-09-30,PAYX,1177710839
2023-09-30,PAYC,1177710839
2023-09-30,PYPL,1177710839
2023-09-30,PNR,1177710839
2023-09-30,PEP,1177710839
2023-09-30,PFE,1177710839
2023-09-30,PCG,1177710839
2023-09-30,PM,1177710839
2023-09-30,PSX,1177710839
2023-09-30,PNW,1177710839
2023-09-30,PXD,1177710839
2023-09-30,PNC,1177710839
2023-09-30,POOL,1177710839
2023-09-30,PPG,1177710839
2023-09-30,PPL,1177710839
2023-09-30,PFG,1177710839
2023-09-30,PG,1177710839
2023-09-30,PGR,1177710839
2023-09-30,PLD,1177710839
2023-09-30,PRU,1177710839
2023-09-30,PEG,1177710839
2023-09-30,PTC,1177710839
2023-09-30,PSA,1177710839
2023-09-30,PHM,1177710839
2023-09-30,QRVO,1177710839
2023-09-30,PWR,1177710839
2023-09-30,QCOM,1177710839
2023-09-30,DGX,1177710839
2023-09-30,RL,1177710839
2023-09-30,RJF,1177710839
2023-09-30,RTX,1177710839
2023-09-30,O,1177710839
2023-09-30,REG,1177710839
2023-09-30,REGN,1177710839
2023-09-30,RF,1177710839
2023-09-30,RSG,1177710839
2023-09-30,RMD,1177710839
2023-09-30,RVTY,1177710839
2023-09-30,RHI,1177710839
2023-09-30,ROK,1177710839
2023-09-30,ROL,1177710839
2023-09-30,ROP,1177710839
2023-09-30,ROST,1177710839
2023-09-30,RCL,1177710839
2023-09-30,SPGI,1177710839
2023-09-30,CRM,1177710839
2023-09-30,SBAC,1177710839
2023-09-30,SLB,1177710839
2023-09-30,STX,1177710839
2023-09-30,SEE,1177710839
2023-09-30,SRE,1177710839
2023-09-30,NOW,1177710839
2023-09-30,SHW,1177710839
2023-09-30,SPG,1177710839
2023-09-30,SWKS,1177710839
2023-09-30,SJM,1177710839
2023-09-30,SNA,1177710839
2023-09-30,SEDG,1177710839
2023-09-30,SO,1177710839
2023-09-30,LUV,1177710839
2023-09-30,SWK,1177710839
2023-09-30,SBUX,1177710839
2023-09-30,STT,1177710839
2023-09-30,STLD,1177710839
2023-09-30,STE,1177710839
2023-09-30,SYK,1177710839
2023-09-30,SYF,1177710839
2023-09-30,SNPS,1177710839
2023-09-30,SYY,1177710839
2023-09-30,TMUS,1177710839
2023-09-30,TROW,1177710839
2023-09-30,TTWO,1177710839
2023-09-30,TPR,1177710839
2023-09-30,TRGP,1177710839
2023-09-30,TGT,1177710839
2023-09-30,TEL,1177710839
2023-09-30,TDY,1177710839
2023-09-30,TFX,1177710839
2023-09-30,TER,1177710839
2023-09-30,TSLA,1177710839
2023-09-30,TXN,1177710839
2023-09-30,TXT,1177710839
2023-09-30,TMO,1177710839
2023-09-30,TJX,1177710839
2023-09-30,TSCO,1177710839
2023-09-30,TT,1177710839
2023-09-30,TDG,1177710839
2023-09-30,TRV,1177710839
2023-09-30,TRMB,1177710839
2023-09-30,TFC,1177710839
2023-09-30,TYL,1177710839
2023-09-30,TSN,1177710839
2023-09-30,USB,1177710839
2023-09-30,UDR,1177710839
2023-09-30,ULTA,1177710839
2023-09-30,UNP,1177710839
2023-09-30,UAL,1177710839
2023-09-30,UPS,1177710839
2023-09-30,URI,1177710839
2023-09-30,UNH,1177710839
2023-09-30,UHS,1177710839
2023-09-30,VLO,1177710839
2023-09-30,VTR,1177710839
2023-09-30,VRSN,1177710839
2023-09-30,VRSK,1177710839
2023-09-30,VZ,1177710839
2023-09-30,VRTX,1177710839
2023-09-30,VFC,1177710839
2023-09-30,VTRS,1177710839
2023-09-30,VICI,1177710839
2023-09-30,V,1177710839
2023-09-30,VMC,1177710839
2023-09-30,WAB,1177710839
2023-09-30,WBA,1177710839
2023-09-30,WMT,1177710839
2023-09-30,WBD,1177710839
2023-09-30,WM,1177710839
2023-09-30,WAT,1177710839
2023-09-30,WEC,1177710839
2023-09-30,WFC,1177710839
2023-09-30,WELL,1177710839
2023-09-30,WST,1177710839
2023-09-30,WDC,1177710839
2023-09-30,WRK,1177710839
2023-09-30,WY,1177710839
2023-09-30,WHR,1177710839
2023-09-30,WMB,1177710839
2023-09-30,WTW,1177710839
2023-09-30,GWW,1177710839
2023-09-30,WYNN,1177710839
2023-09-30,XEL,1177710839
2023-09-30,XYL,1177710839
2023-09-30,YUM,1177710839
2023-09-30,ZBRA,1177710839
2023-09-30,ZBH,1177710839
2023-09-30,ZION,1177710839
2023-09-30,ZTS,1177710839
2023-12-31,MMM,1192694728
2023-12-31,AOS,1192694728
2023-12-31,ABT,1192694728
2023-12-31,ABBV,1192694728
2023-12-31,ACN,1192694728
2023-12-31,ADBE,1192694728
2023-12-31,AMD,1192694728
2023-12-31,AES,1192694728
2023-12-31,AFL,1192694728
2023-12-31,A,1192694728
2023-12-31,APD,1192694728
2023-12-31,ABNB,1192694728
2023-12-31,AKAM,1192694728
2023-12-31,ALB,1192694728
2023-12-31,ARE,1192694728
2023-12-31,ALGN,1192694728
2023-12-31,ALLE,1192694728
2023-12-31,LNT,1192694728
2023-12-31,ALL,1192694728
2023-12-31,GOOGL,1192694728
2023-12-31,GOOG,1192694728
2023-12-31,MO,1192694728
2023-12-31,AMZN,1192694728
2023-12-31,AMCR,1192694728
2023-12-31,AEE,1192694728
2023-12-31,AAL,1192694728
2023-12-31,AEP,1192694728
2023-12-31,AXP,1192694728
2023-12-31,AIG,1192694728
2023-12-31,AMT,1192694728
2023-12-31,AWK,1192694728
2023-12-31,AMP,1192694728
2023-12-31,AME,1192694728
2023-12-31,AMGN,1192694728
2023-12-31,APH,1192694728
2023-12-31,ADI,1192694728
2023-12-31,ANSS,1192694728
2023-12-31,AON,1192694728
2023-12-31,APA,1192694728
2023-12-31,AAPL,1192694728
2023-12-31,AMAT,1192694728
2023-12-31,APTV,1192694728
2023-12-31,ACGL,1192694728
2023-12-31,ADM,1192694728
2023-12-31,ANET,1192694728
2023-12-31,AJG,1192694728
2023-12-31,AIZ,1192694728
2023-12-31,T,1192694728
2023-12-31,ATO,1192694728
2023-12-31,ADSK,1192694728
2023-12-31,ADP,1192694728
2023-12-31,AZO,1192694728
2023-12-31,AVB,1192694728
2023-12-31,AVY,1192694728
2023-12-31,AXON,1192694728
2023-12-31,BKR,1192694728
2023-12-31,BALL,1192694728
2023-12-31,BAC,1192694728
2023-12-31,BK,1192694728
2023-12-31,BBWI,1192694728
2023-12-31,BAX,1192694728
2023-12-31,BDX,1192694728
2023-12-31,BRK-B,1192694728
2023-12-31,BBY,1192694728
2023-12-31,BIO,1192694728
2023-12-31,TECH,1192694728
2023-12-31,BIIB,1192694728
2023-12-31,BLK,1192694728
2023-12-31,BX,1192694728
2023-12-31,BA,1192694728
2023-12-31,BKNG,1192694728
2023-12-31,BWA,1192694728
2023-12-31,BXP,1192694728
2023-12-31,BSX,1192694728
2023-12-31,BMY,1192694728
2023-12-31,AVGO,1192694728
2023-12-31,BR,1192694728
2023-12-31,BRO,1192694728
2023-12-31,BF-B,1192694728
2023-12-31,BLDR,1192694728
2023-12-31,BG,1192694728
2023-12-31,CDNS,1192694728
2023-12-31,CZR,1192694728
2023-12-31,CPT,1192694728
2023-12-31,CPB,1192694728
2023-12-31,COF,1192694728
2023-12-31,CAH,1192694728
2023-12-31,KMX,1192694728
2023-12-31,CCL,1192694728
2023-12-31,CARR,1192694728
2023-12-31,CTLT,1192694728
2023-12-31,CAT,1192694728
2023-12-31,CBOE,1192694728
2023-12-31,CBRE,1192694728
2023-12-31,CDW,1192694728
2023-12-31,CE,1192694728
2023-12-31,COR,1192694728
2023-12-31,CNC,1192694728
2023-12-31,CNP,1192694728
2023-12-31,CDAY,1192694728
2023-12-31,CF,1192694728
2023-12-31,CHRW,1192694728
2023-12-31,CRL,1192694728
2023-12-31,SCHW,1192694728
2023-12-31,CHTR,1192694728
2023-12-31,CVX,1192694728
2023-12-31,CMG,1192694728
2023-12-31,CB,1192694728
2023-12-31,CHD,1192694728
2023-12-31,CI,1192694728
2023-12-31,CINF,1192694728
2023-12-31,CTAS,1192694728
2023-12-31,CSCO,1192694728
2023-12-31,C,1192694728
2023-12-31,CFG,1192694728
2023-12-31,CLX,1192694728
2023-12-31,CME,1192694728
2023-12-31,CMS,1192694728
2023-12-31,KO,1192694728
2023-12-31,CTSH,1192694728
2023-12-31,CL,1192694728
2023-12-31,CMCSA,1192694728
2023-12-31,CMA,1192694728
2023-12-31,CAG,1192694728
2023-12-31,COP,1192694728
2023-12-31,ED,1192694728
2023-12-31,STZ,1192694728
2023-12-31,CEG,1192694728
2023-12-31,COO,1192694728
2023-12-31,CPRT,1192694728
2023-12-31,GLW,1192694728
2023-12-31,CTVA,1192694728
2023-12-31,CSGP,1192694728
2023-12-31,COST,1192694728
2023-12-31,CTRA,1192694728
2023-12-31,CCI,1192694728
2023-12-31,CSX,1192694728
2023-12-31,CMI,1192694728
2023-12-31,CVS,1192694728
2023-12-31,DHR,1192694728
2023-12-31,DRI,1192694728
2023-12-31,DVA,1192694728
2023-12-31,DE,1192694728
2023-12-31,DAL,1192694728
2023-12-31,XRAY,1192694728
2023-12-31,DVN,1192694728
2023-12-31,DXCM,1192694728
2023-12-31,FANG,1192694728
2023-12-31,DLR,1192694728
2023-12-31,DFS,1192694728
2023-12-31,DG,1192694728
2023-12-31,DLTR,1192694728
2023-12-31,D,1192694728
2023-12-31,DPZ,1192694728
2023-12-31,DOV,1192694728
2023-12-31,DOW,1192694728
2023-12-31,DHI,1192694728
2023-12-31,DTE,1192694728
2023-12-31,DUK,1192694728
2023-12-31,DD,1192694728
2023-12-31,EMN,1192694728
2023-12-31,ETN,1192694728
2023-12-31,EBAY,1192694728
2023-12-31,ECL,1192694728
2023-12-31,EIX,1192694728
2023-12-31,EW,1192694728
2023-12-31,EA,1192694728
2023-12-31,ELV,1192694728
2023-12-31,LLY,1192694728
2023-12-31,EMR,1192694728
2023-12-31,ENPH,1192694728
2023-12-31,ETR,1192694728
2023-12-31,EOG,1192694728
2023-12-31,EPAM,1192694728
2023-12-31,EQT,1192694728
2023-12-31,EFX,1192694728
2023-12-31,EQIX,1192694728
2023-12-31,EQR,1192694728
2023-12-31,ESS,1192694728
2023-12-31,EL,1192694728
2023-12-31,ETSY,1192694728
2023-12-31,EG,1192694728
2023-12-31,EVRG,1192694728
2023-12-31,ES,1192694728
2023-12-31,EXC,1192694728
2023-12-31,EXPE,1192694728
2023-12-31,EXPD,1192694728
2023-12-31,EXR,1192694728
2023-12-31,XOM,1192694728
2023-12-31,FFIV,1192694728
2023-12-31,FDS,1192694728
2023-12-31,FICO,1192694728
2023-12-31,FAST,1192694728
2023-12-31,FRT,1192694728
2023-12-31,FDX,1192694728
2023-12-31,FIS,1192694728
2023-12-31,FITB,1192694728
2023-12-31,FSLR,1192694728
2023-12-31,FE,1192694728
2023-12-31,FI,1192694728
2023-12-31,FLT,1192694728
2023-12-31,FMC,1192694728
2023-12-31,F,1192694728
2023-12-31,FTNT,1192694728
2023-12-31,FTV,1192694728
2023-12-31,FOXA,1192694728
2023-12-31,FOX,1192694728
2023-12-31,BEN,1192694728
2023-12-31,FCX,1192694728
2023-12-31,GRMN,1192694728
2023-12-31,IT,1192694728
2023-12-31,GEHC,1192694728
2023-12-31,GEN,1192694728
2023-12-31,GNRC,1192694728
2023-12-31,GD,1192694728
2023-12-31,GE,1192694728
2023-12-31,GIS,1192694728
2023-12-31,GM,1192694728
2023-12-31,GPC,1192694728
2023-12-31,GILD,1192694728
2023-12-31,GPN,1192694728
2023-12-31,GL,1192694728
2023-12-31,GS,1192694728
2023-12-31,HAL,1192694728
2023-12-31,HIG,1192694728
2023-12-31,HAS,1192694728
2023-12-31,HCA,1192694728
2023-12-31,PEAK,1192694728
2023-12-31,HSIC,1192694728
2023-12-31,HSY,1192694728
2023-12-31,HES,1192694728
2023-12-31,HPE,1192694728
2023-12-31,HLT,1192694728
2023-12-31,HOLX,1192694728
2023-12-31,HD,1192694728
2023-12-31,HON,1192694728
2023-12-31,HRL,1192694728
2023-12-31,HST,1192694728
2023-12-31,HWM,1192694728
2023-12-31,HPQ,1192694728
2023-12-31,HUBB,1192694728
2023-12-31,HUM,1192694728
2023-12-31,HBAN,1192694728
2023-12-31,HII,1192694728
2023-12-31,IBM,1192694728
2023-12-31,IEX,1192694728
2023-12-31,IDXX,1192694728
2023-12-31,ITW,1192694728
2023-12-31,ILMN,1192694728
2023-12-31,INCY,1192694728
2023-12-31,IR,1192694728
2023-12-31,PODD,1192694728
2023-12-31,INTC,1192694728
2023-12-31,ICE,1192694728
2023-12-31,IFF,1192694728
2023-12-31,IP,1192694728
2023-12-31,IPG,1192694728
2023-12-31,INTU,1192694728
2023-12-31,ISRG,1192694728
2023-12-31,IVZ,1192694728
2023-12-31,INVH,1192694728
2023-12-31,IQV,1192694728
2023-12-31,IRM,1192694728
2023-12-31,JBHT,1192694728
2023-12-31,JBL,1192694728
2023-12-31,JKHY,1192694728
2023-12-31,J,1192694728
2023-12-31,JNJ,1192694728
2023-12-31,JCI,1192694728
2023-12-31,JPM,1192694728
2023-12-31,JNPR,1192694728
2023-12-31,K,1192694728
2023-12-31,KVUE,1192694728
2023-12-31,KDP,1192694728
2023-12-31,KEY,1192694728
2023-12-31,KEYS,1192694728
2023-12-31,KMB,1192694728
2023-12-31,KIM,1192694728
2023-12-31,KMI,1192694728
2023-12-31,KLAC,1192694728
2023-12-31,KHC,1192694728
2023-12-31,KR,1192694728
2023-12-31,LHX,1192694728
2023-12-31,LH,1192694728
2023-12-31,LRCX,1192694728
2023-12-31,LW,1192694728
2023-12-31,LVS,1192694728
2023-12-31,LDOS,1192694728
2023-12-31,LEN,1192694728
2023-12-31,LIN,1192694728
2023-12-31,LYV,1192694728
2023-12-31,LKQ,1192694728
2023-12-31,LMT,1192694728
2023-12-31,L,1192694728
2023-12-31,LOW,1192694728
2023-12-31,LULU,1192694728
2023-12-31,LYB,1192694728
2023-12-31,MTB,1192694728
2023-12-31,MRO,1192694728
2023-12-31,MPC,1192694728
2023-12-31,MKTX,1192694728
2023-12-31,MAR,1192694728
2023-12-31,MMC,1192694728
2023-12-31,MLM,1192694728
2023-12-31,MAS,1192694728
2023-12-31,MA,1192694728
2023-12-31,MTCH,1192694728
2023-12-31,MKC,1192694728
2023-12-31,MCD,1192694728
2023-12-31,MCK,1192694728
2023-12-31,MDT,1192694728
2023-12-31,MRK,1192694728
2023-12-31,META,1192694728
2023-12-31,MET,1192694728
2023-12-31,MTD,1192694728
2023-12-31,MGM,1192694728
2023-12-31,MCHP,1192694728
2023-12-31,MU,1192694728
2023-12-31,MSFT,1192694728
2023-12-31,MAA,1192694728
2023-12-31,MRNA,1192694728
2023-12-31,MHK,1192694728
2023-12-31,MOH,1192694728
2023-12-31,TAP,1192694728
2023-12-31,MDLZ,1192694728
2023-12-31,MPWR,1192694728
2023-12-31,MNST,1192694728
2023-12-31,MCO,1192694728
2023-12-31,MS,1192694728
2023-12-31,MOS,1192694728
2023-12-31,MSI,1192694728
2023-12-31,MSCI,1192694728
2023-12-31,NDAQ,1192694728
2023-12-31,NTAP,1192694728
2023-12-31,NFLX,1192694728
2023-12-31,NEM,1192694728
2023-12-31,NWSA,1192694728
2023-12-31,NWS,1192694728
2023-12-31,NEE,1192694728
2023-12-31,NKE,1192694728
2023-12-31,NI,1192694728
2023-12-31,NDSN,1192694728
2023-12-31,NSC,1192694728
2023-12-31,NTRS,1192694728
2023-12-31,NOC,1192694728
2023-12-31,NCLH,1192694728
2023-12-31,NRG,1192694728
2023-12-31,NUE,1192694728
2023-12-31,NVDA,1192694728
2023-12-31,NVR,1192694728
2023-12-31,NXPI,1192694728
2023-12-31,ORLY,1192694728
2023-12-31,OXY,1192694728
2023-12-31,ODFL,1192694728
2023-12-31,OMC,1192694728
2023-12-31,ON,1192694728
2023-12-31,OKE,1192694728
2023-12-31,ORCL,1192694728
2023-12-31,OTIS,1192694728
2023-12-31,PCAR,1192694728
2023-12-31,PKG,1192694728
2023-12-31,PANW,1192694728
2023-12-31,PARA,1192694728
2023-12-31,PH,1192694728
2023-12-31,PAYX,1192694728
2023-12-31,PAYC,1192694728
2023-12-31,PYPL,1192694728
2023-12-31,PNR,1192694728
2023-12-31,PEP,1192694728
2023-12-31,PFE,1192694728
2023-12-31,PCG,1192694728
2023-12-31,PM,1192694728
2023-12-31,PSX,1192694728
2023-12-31,PNW,1192694728
2023-12-31,PXD,1192694728
2023-12-31,PNC,1192694728
2023-12-31,POOL,1192694728
2023-12-31,PPG,1192694728
2023-12-31,PPL,1192694728
2023-12-31,PFG,1192694728
2023-12-31,PG,1192694728
2023-12-31,PGR,1192694728
2023-12-31,PLD,1192694728
2023-12-31,PRU,1192694728
2023-12-31,PEG,1192694728
2023-12-31,PTC,1192694728
2023-12-31,PSA,1192694728
2023-12-31,PHM,1192694728
2023-12-31,QRVO,1192694728
2023-12-31,PWR,1192694728
2023-12-31,QCOM,1192694728
2023-12-31,DGX,1192694728
2023-12-31,RL,1192694728
2023-12-31,RJF,1192694728
2023-12-31,RTX,1192694728
2023-12-31,O,1192694728
2023-12-31,REG,1192694728
2023-12-31,REGN,1192694728
2023-12-31,RF,1192694728
2023-12-31,RSG,1192694728
2023-12-31,RMD,1192694728
2023-12-31,RHI,1192694728
2023-12-31,ROK,1192694728
2023-12-31,ROL,1192694728
2023-12-31,ROP,1192694728
2023-12-31,ROST,1192694728
2023-12-31,RCL,1192694728
2023-12-31,SPGI,1192694728
2023-12-31,CRM,1192694728
2023-12-31,SBAC,1192694728
2023-12-31,SLB,1192694728
2023-12-31,STX,1192694728
2023-12-31,SRE,1192694728
2023-12-31,NOW,1192694728
2023-12-31,SHW,1192694728
2023-12-31,SPG,1192694728
2023-12-31,SWKS,1192694728
2023-12-31,SJM,1192694728
2023-12-31,SNA,1192694728
2023-12-31,SO,1192694728
2023-12-31,LUV,1192694728
2023-12-31,SWK,1192694728
2023-12-31,SBUX,1192694728
2023-12-31,STT,1192694728
2023-12-31,STLD,1192694728
2023-12-31,STE,1192694728
2023-12-31,SYK,1192694728
2023-12-31,SYF,1192694728
2023-12-31,SNPS,1192694728
2023-12-31,SYY,1192694728
2023-12-31,TMUS,1192694728
2023-12-31,TROW,1192694728
2023-12-31,TTWO,1192694728
2023-12-31,TPR,1192694728
2023-12-31,TRGP,1192694728
2023-12-31,TGT,1192694728
2023-12-31,TEL,1192694728
2023-12-31,TDY,1192694728
2023-12-31,TFX,1192694728
2023-12-31,TER,1192694728
2023-12-31,TSLA,1192694728
2023-12-31,TXN,1192694728
2023-12-31,TXT,1192694728
2023-12-31,TMO,1192694728
2023-12-31,TJX,1192694728
2023-12-31,TSCO,1192694728
2023-12-31,TT,1192694728
2023-12-31,TDG,1192694728
2023-12-31,TRV,1192694728
2023-12-31,TRMB,1192694728
2023-12-31,TFC,1192694728
2023-12-31,TYL,1192694728
2023-12-31,TSN,1192694728
2023-12-31,USB,1192694728
2023-12-31,UBER,1192694728
2023-12-31,UDR,1192694728
2023-12-31,ULTA,1192694728
2023-12-31,UNP,1192694728
2023-12-31,UAL,1192694728
2023-12-31,UPS,1192694728
2023-12-31,URI,1192694728
2023-12-31,UNH,1192694728
2023-12-31,UHS,1192694728
2023-12-31,VLO,1192694728
2023-12-31,VTR,1192694728
2023-12-31,VLTO,1192694728
2023-12-31,VRSN,1192694728
2023-12-31,VRSK,1192694728
2023-12-31,VZ,1192694728
2023-12-31,VRTX,1192694728
2023-12-31,VFC,1192694728
2023-12-31,VTRS,1192694728
2023-12-31,VICI,1192694728
2023-12-31,V,1192694728
2023-12-31,VMC,1192694728
2023-12-31,WRB,1192694728
2023-12-31,WAB,1192694728
2023-12-31,WBA,1192694728
2023-12-31,WMT,1192694728
2023-12-31,DIS,1192694728
2023-12-31,WBD,1192694728
2023-12-31,WM,1192694728
2023-12-31,WAT,1192694728
2023-12-31,WEC,1192694728
2023-12-31,WFC,1192694728
2023-12-31,WELL,1192694728
2023-12-31,WST,1192694728
2023-12-31,WDC,1192694728
2023-12-31,WRK,1192694728
2023-12-31,WY,1192694728
2023-12-31,WHR,1192694728
2023-12-31,WMB,1192694728
2023-12-31,WTW,1192694728
2023-12-31,GWW,1192694728
2023-12-31,WYNN,1192694728
2023-12-31,XEL,1192694728
2023-12-31,XYL,1192694728
2023-12-31,YUM,1192694728
2023-12-31,ZBRA,1192694728
2023-12-31,ZBH,1192694728
2023-12-31,ZION,1192694728
2023-12-31,ZTS,1192694728
2024-03-31,MMM,1216084649
2024-03-31,AOS,1216084649
2024-03-31,ABT,1216084649
2024-03-31,ABBV,1216084649
2024-03-31,ACN,1216084649
2024-03-31,ADBE,1216084649
2024-03-31,AMD,1216084649
2024-03-31,AES,1216084649
2024-03-31,AFL,1216084649
2024-03-31,A,1216084649
2024-03-31,APD,1216084649
2024-03-31,ABNB,1216084649
2024-03-31,AKAM,1216084649
2024-03-31,ALB,1216084649
2024-03-31,ARE,1216084649
2024-03-31,ALGN,1216084649
2024-03-31,ALLE,1216084649
2024-03-31,LNT,1216084649
2024-03-31,ALL,1216084649
2024-03-31,GOOGL,1216084649
2024-03-31,GOOG,1216084649
2024-03-31,MO,1216084649
2024-03-31,AMZN,1216084649
2024-03-31,AMCR,1216084649
2024-03-31,AEE,1216084649
2024-03-31,AAL,1216084649
2024-03-31,AEP,1216084649
2024-03-31,AXP,1216084649
2024-03-31,AIG,1216084649
2024-03-31,AMT,1216084649
2024-03-31,AWK,1216084649
2024-03-31,AMP,1216084649
2024-03-31,AME,1216084649
2024-03-31,AMGN,1216084649
2024-03-31,APH,1216084649
2024-03-31,ADI,1216084649
2024-03-31,ANSS,1216084649
2024-03-31,AON,1216084649
2024-03-31,APA,1216084649
2024-03-31,AAPL,1216084649
2024-03-31,AMAT,1216084649
2024-03-31,APTV,1216084649
2024-03-31,ACGL,1216084649
2024-03-31,ADM,1216084649
2024-03-31,ANET,1216084649
2024-03-31,AJG,1216084649
2024-03-31,AIZ,1216084649
2024-03-31,T,1216084649
2024-03-31,ATO,1216084649
2024-03-31,ADSK,1216084649
2024-03-31,ADP,1216084649
2024-03-31,AZO,1216084649
2024-03-31,AVB,1216084649
2024-03-31,AVY,1216084649
2024-03-31,AXON,1216084649
2024-03-31,BKR,1216084649
2024-03-31,BALL,1216084649
2024-03-31,BAC,1216084649
2024-03-31,BK,1216084649
2024-03-31,BBWI,1216084649
2024-03-31,BAX,1216084649
2024-03-31,BDX,1216084649
2024-03-31,BRK-B,1216084649
2024-03-31,BBY,1216084649
2024-03-31,BIO,1216084649
2024-03-31,TECH,1216084649
2024-03-31,BIIB,1216084649
2024-03-31,BLK,1216084649
2024-03-31,BX,1216084649
2024-03-31,BA,1216084649
2024-03-31,BKNG,1216084649
2024-03-31,BWA,1216084649
2024-03-31,BXP,1216084649
2024-03-31,BSX,1216084649
2024-03-31,BMY,1216084649
2024-03-31,AVGO,1216084649
2024-03-31,BR,1216084649
2024-03-31,BRO,1216084649
2024-03-31,BF-B,1216084649
2024-03-31,BLDR,1216084649
2024-03-31,BG,1216084649
2024-03-31,CDNS,1216084649
2024-03-31,CZR,1216084649
2024-03-31,CPT,1216084649
2024-03-31,CPB,1216084649
2024-03-31,COF,1216084649
2024-03-31,CAH,1216084649
2024-03-31,KMX,1216084649
2024-03-31,CCL,1216084649
2024-03-31,CARR,1216084649
2024-03-31,CTLT,1216084649
2024-03-31,CAT,1216084649
2024-03-31,CBOE,1216084649
2024-03-31,CBRE,1216084649
2024-03-31,CDW,1216084649
2024-03-31,CE,1216084649
2024-03-31,COR,1216084649
2024-03-31,CNC,1216084649
2024-03-31,CNP,1216084649
2024-03-31,CF,1216084649
2024-03-31,CHRW,1216084649
2024-03-31,CRL,1216084649
2024-03-31,SCHW,1216084649
2024-03-31,CHTR,1216084649
2024-03-31,CVX,1216084649
2024-03-31,CMG,1216084649
2024-03-31,CB,1216084649
2024-03-31,CHD,1216084649
2024-03-31,CI,1216084649
2024-03-31,CINF,1216084649
2024-03-31,CTAS,1216084649
2024-03-31,CSCO,1216084649
2024-03-31,C,1216084649
2024-03-31,CFG,1216084649
2024-03-31,CLX,1216084649
2024-03-31,CME,1216084649
2024-03-31,CMS,1216084649
2024-03-31,KO,1216084649
2024-03-31,CTSH,1216084649
2024-03-31,CL,1216084649
2024-03-31,CMCSA,1216084649
2024-03-31,CMA,1216084649
2024-03-31,CAG,1216084649
2024-03-31,COP,1216084649
2024-03-31,ED,1216084649
2024-03-31,STZ,1216084649
2024-03-31,CEG,1216084649
2024-03-31,COO,1216084649
2024-03-31,CPRT,1216084649
2024-03-31,GLW,1216084649
2024-03-31,CPAY,1216084649
2024-03-31,CTVA,1216084649
2024-03-31,CSGP,1216084649
2024-03-31,COST,1216084649
2024-03-31,CTRA,1216084649
2024-03-31,CCI,1216084649
2024-03-31,CSX,1216084649
2024-03-31,CMI,1216084649
2024-03-31,CVS,1216084649
2024-03-31,DHR,1216084649
2024-03-31,DRI,1216084649
2024-03-31,DVA,1216084649
2024-03-31,DAY,1216084649
2024-03-31,DECK,1216084649
2024-03-31,DE,1216084649
2024-03-31,DAL,1216084649
2024-03-31,XRAY,1216084649
2024-03-31,DVN,1216084649
2024-03-31,DXCM,1216084649
2024-03-31,FANG,1216084649
2024-03-31,DLR,1216084649
2024-03-31,DFS,1216084649
2024-03-31,DG,1216084649
2024-03-31,DLTR,1216084649
2024-03-31,D,1216084649
2024-03-31,DPZ,1216084649
2024-03-31,DOV,1216084649
2024-03-31,DOW,1216084649
2024-03-31,DHI,1216084649
2024-03-31,DTE,1216084649
2024-03-31,DUK,1216084649
2024-03-31,DD,1216084649
2024-03-31,EMN,1216084649
2024-03-31,ETN,1216084649
2024-03-31,EBAY,1216084649
2024-03-31,ECL,1216084649
2024-03-31,EIX,1216084649
2024-03-31,EW,1216084649
2024-03-31,EA,1216084649
2024-03-31,ELV,1216084649
2024-03-31,LLY,1216084649
2024-03-31,EMR,1216084649
2024-03-31,ENPH,1216084649
2024-03-31,ETR,1216084649
2024-03-31,EOG,1216084649
2024-03-31,EPAM,1216084649
2024-03-31,EQT,1216084649
2024-03-31,EFX,1216084649
2024-03-31,EQIX,1216084649
2024-03-31,EQR,1216084649
2024-03-31,ESS,1216084649
2024-03-31,EL,1216084649
2024-03-31,ETSY,1216084649
2024-03-31,EG,1216084649
2024-03-31,EVRG,1216084649
2024-03-31,ES,1216084649
2024-03-31,EXC,1216084649
2024-03-31,EXPE,1216084649
2024-03-31,EXPD,1216084649
2024-03-31,EXR,1216084649
2024-03-31,XOM,1216084649
2024-03-31,FFIV,1216084649
2024-03-31,FDS,1216084649
2024-03-31,FICO,1216084649
2024-03-31,FAST,1216084649
2024-03-31,FRT,1216084649
2024-03-31,FDX,1216084649
2024-03-31,FIS,1216084649
2024-03-31,FITB,1216084649
2024-03-31,FSLR,1216084649
2024-03-31,FE,1216084649
2024-03-31,FI,1216084649
2024-03-31,FMC,1216084649
2024-03-31,F,1216084649
2024-03-31,FTNT,1216084649
2024-03-31,FTV,1216084649
2024-03-31,FOXA,1216084649
2024-03-31,FOX,1216084649
2024-03-31,BEN,1216084649
2024-03-31,FCX,1216084649
2024-03-31,GRMN,1216084649
2024-03-31,IT,1216084649
2024-03-31,GEHC,1216084649
2024-03-31,GEN,1216084649
2024-03-31,GNRC,1216084649
2024-03-31,GD,1216084649
2024-03-31,GE,1216084649
2024-03-31,GIS,1216084649
2024-03-31,GM,1216084649
2024-03-31,GPC,1216084649
2024-03-31,GILD,1216084649
2024-03-31,GPN,1216084649
2024-03-31,GL,1216084649
2024-03-31,GS,1216084649
2024-03-31,HAL,1216084649
2024-03-31,HIG,1216084649
2024-03-31,HAS,1216084649
2024-03-31,HCA,1216084649
2024-03-31,DOC,1216084649
2024-03-31,HSIC,1216084649
2024-03-31,HSY,1216084649
2024-03-31,HES,1216084649
2024-03-31,HPE,1216084649
2024-03-31,HLT,1216084649
2024-03-31,HOLX,1216084649
2024-03-31,HD,1216084649
2024-03-31,HON,1216084649
2024-03-31,HRL,1216084649
2024-03-31,HST,1216084649
2024-03-31,HWM,1216084649
2024-03-31,HPQ,1216084649
2024-03-31,HUBB,1216084649
2024-03-31,HUM,1216084649
2024-03-31,HBAN,1216084649
2024-03-31,HII,1216084649
2024-03-31,IBM,1216084649
2024-03-31,IEX,1216084649
2024-03-31,IDXX,1216084649
2024-03-31,ITW,1216084649
2024-03-31,ILMN,1216084649
2024-03-31,INCY,1216084649
2024-03-31,IR,1216084649
2024-03-31,PODD,1216084649
2024-03-31,INTC,1216084649
2024-03-31,ICE,1216084649
2024-03-31,IFF,1216084649
2024-03-31,IP,1216084649
2024-03-31,IPG,1216084649
2024-03-31,INTU,1216084649
2024-03-31,ISRG,1216084649
2024-03-31,IVZ,1216084649
2024-03-31,INVH,1216084649
2024-03-31,IQV,1216084649
2024-03-31,IRM,1216084649
2024-03-31,JBHT,1216084649
2024-03-31,JBL,1216084649
2024-03-31,JKHY,1216084649
2024-03-31,J,1216084649
2024-03-31,JNJ,1216084649
2024-03-31,JCI,1216084649
2024-03-31,JPM,1216084649
2024-03-31,JNPR,1216084649
2024-03-31,K,1216084649
2024-03-31,KVUE,1216084649
2024-03-31,KDP,1216084649
2024-03-31,KEY,1216084649
2024-03-31,KEYS,1216084649
2024-03-31,KMB,1216084649
2024-03-31,KIM,1216084649
2024-03-31,KMI,1216084649
2024-03-31,KLAC,1216084649
2024-03-31,KHC,1216084649
2024-03-31,KR,1216084649
2024-03-31,LHX,1216084649
2024-03-31,LH,1216084649
2024-03-31,LRCX,1216084649
2024-03-31,LW,1216084649
2024-03-31,LVS,1216084649
2024-03-31,LDOS,1216084649
2024-03-31,LEN,1216084649
2024-03-31,LIN,1216084649
2024-03-31,LYV,1216084649
2024-03-31,LKQ,1216084649
2024-03-31,LMT,1216084649
2024-03-31,L,1216084649
2024-03-31,LOW,1216084649
2024-03-31,LULU,1216084649
2024-03-31,LYB,1216084649
2024-03-31,MTB,1216084649
2024-03-31,MRO,1216084649
2024-03-31,MPC,1216084649
2024-03-31,MKTX,1216084649
2024-03-31,MAR,1216084649
2024-03-31,MMC,1216084649
2024-03-31,MLM,1216084649
2024-03-31,MAS,1216084649
2024-03-31,MA,1216084649
2024-03-31,MTCH,1216084649
2024-03-31,MKC,1216084649
2024-03-31,MCD,1216084649
2024-03-31,MCK,1216084649
2024-03-31,MDT,1216084649
2024-03-31,MRK,1216084649
2024-03-31,META,1216084649
2024-03-31,MET,1216084649
2024-03-31,MTD,1216084649
2024-03-31,MGM,1216084649
2024-03-31,MCHP,1216084649
2024-03-31,MU,1216084649
2024-03-31,MSFT,1216084649
2024-03-31,MAA,1216084649
2024-03-31,MRNA,1216084649
2024-03-31,MHK,1216084649
2024-03-31,MOH,1216084649
2024-03-31,TAP,1216084649
2024-03-31,MDLZ,1216084649
2024-03-31,MPWR,1216084649
2024-03-31,MNST,1216084649
2024-03-31,MCO,1216084649
2024-03-31,MS,1216084649
2024-03-31,MOS,1216084649
2024-03-31,MSI,1216084649
2024-03-31,MSCI,1216084649
2024-03-31,NDAQ,1216084649
2024-03-31,NTAP,1216084649
2024-03-31,NFLX,1216084649
2024-03-31,NEM,1216084649
2024-03-31,NWSA,1216084649
2024-03-31,NWS,1216084649
2024-03-31,NEE,1216084649
2024-03-31,NKE,1216084649
2024-03-31,NI,1216084649
2024-03-31,NDSN,1216084649
2024-03-31,NSC,1216084649
2024-03-31,NTRS,1216084649
2024-03-31,NOC,1216084649
2024-03-31,NCLH,1216084649
2024-03-31,NRG,1216084649
2024-03-31,NUE,1216084649
2024-03-31,NVDA,1216084649
2024-03-31,NVR,1216084649
2024-03-31,NXPI,1216084649
2024-03-31,ORLY,1216084649
2024-03-31,OXY,1216084649
2024-03-31,ODFL,1216084649
2024-03-31,OMC,1216084649
2024-03-31,ON,1216084649
2024-03-31,OKE,1216084649
2024-03-31,ORCL,1216084649
2024-03-31,OTIS,1216084649
2024-03-31,PCAR,1216084649
2024-03-31,PKG,1216084649
2024-03-31,PANW,1216084649
2024-03-31,PARA,1216084649
2024-03-31,PH,1216084649
2024-03-31,PAYX,1216084649
2024-03-31,PAYC,1216084649
2024-03-31,PYPL,1216084649
2024-03-31,PNR,1216084649
2024-03-31,PEP,1216084649
2024-03-31,PFE,1216084649
2024-03-31,PCG,1216084649
2024-03-31,PM,1216084649
2024-03-31,PSX,1216084649
2024-03-31,PNW,1216084649
2024-03-31,PXD,1216084649
2024-03-31,PNC,1216084649
2024-03-31,POOL,1216084649
2024-03-31,PPG,1216084649
2024-03-31,PPL,1216084649
2024-03-31,PFG,1216084649
2024-03-31,PG,1216084649
2024-03-31,PGR,1216084649
2024-03-31,PLD,1216084649
2024-03-31,PRU,1216084649
2024-03-31,PEG,1216084649
2024-03-31,PTC,1216084649
2024-03-31,PSA,1216084649
2024-03-31,PHM,1216084649
2024-03-31,QRVO,1216084649
2024-03-31,PWR,1216084649
2024-03-31,QCOM,1216084649
2024-03-31,DGX,1216084649
2024-03-31,RL,1216084649
2024-03-31,RJF,1216084649
2024-03-31,RTX,1216084649
2024-03-31,O,1216084649
2024-03-31,REG,1216084649
2024-03-31,REGN,1216084649
2024-03-31,RF,1216084649
2024-03-31,RSG,1216084649
2024-03-31,RMD,1216084649
2024-03-31,RVTY,1216084649
2024-03-31,RHI,1216084649
2024-03-31,ROK,1216084649
2024-03-31,ROL,1216084649
2024-03-31,ROP,1216084649
2024-03-31,ROST,1216084649
2024-03-31,RCL,1216084649
2024-03-31,SPGI,1216084649
2024-03-31,CRM,1216084649
2024-03-31,SBAC,1216084649
2024-03-31,SLB,1216084649
2024-03-31,STX,1216084649
2024-03-31,SRE,1216084649
2024-03-31,NOW,1216084649
2024-03-31,SHW,1216084649
2024-03-31,SPG,1216084649
2024-03-31,SWKS,1216084649
2024-03-31,SJM,1216084649
2024-03-31,SNA,1216084649
2024-03-31,SO,1216084649
2024-03-31,LUV,1216084649
2024-03-31,SWK,1216084649
2024-03-31,SBUX,1216084649
2024-03-31,STT,1216084649
2024-03-31,STLD,1216084649
2024-03-31,STE,1216084649
2024-03-31,SYK,1216084649
2024-03-31,SMCI,1216084649
2024-03-31,SYF,1216084649
2024-03-31,SNPS,1216084649
2024-03-31,SYY,1216084649
2024-03-31,TMUS,1216084649
2024-03-31,TROW,1216084649
2024-03-31,TTWO,1216084649
2024-03-31,TPR,1216084649
2024-03-31,TRGP,1216084649
2024-03-31,TGT,1216084649
2024-03-31,TEL,1216084649
2024-03-31,TDY,1216084649
2024-03-31,TFX,1216084649
2024-03-31,TER,1216084649
2024-03-31,TSLA,1216084649
2024-03-31,TXN,1216084649
2024-03-31,TXT,1216084649
2024-03-31,TMO,1216084649
2024-03-31,TJX,1216084649
2024-03-31,TSCO,1216084649
2024-03-31,TT,1216084649
2024-03-31,TDG,1216084649
2024-03-31,TRV,1216084649
2024-03-31,TRMB,1216084649
2024-03-31,TFC,1216084649
2024-03-31,TYL,1216084649
2024-03-31,TSN,1216084649
2024-03-31,USB,1216084649
2024-03-31,UBER,1216084649
2024-03-31,UDR,1216084649
2024-03-31,ULTA,1216084649
2024-03-31,UNP,1216084649
2024-03-31,UAL,1216084649
2024-03-31,UPS,1216084649
2024-03-31,URI,1216084649
2024-03-31,UNH,1216084649
2024-03-31,UHS,1216084649
2024-03-31,VLO,1216084649
2024-03-31,VTR,1216084649
2024-03-31,VLTO,1216084649
2024-03-31,VRSN,1216084649
2024-03-31,VRSK,1216084649
2024-03-31,VZ,1216084649
2024-03-31,VRTX,1216084649
2024-03-31,VFC,1216084649
2024-03-31,VTRS,1216084649
2024-03-31,VICI,1216084649
2024-03-31,V,1216084649
2024-03-31,VMC,1216084649
2024-03-31,WRB,1216084649
2024-03-31,WAB,1216084649
2024-03-31,WBA,1216084649
2024-03-31,WMT,1216084649
2024-03-31,DIS,1216084649
2024-03-31,WBD,1216084649
2024-03-31,WM,1216084649
2024-03-31,WAT,1216084649
2024-03-31,WEC,1216084649
2024-03-31,WFC,1216084649
2024-03-31,WELL,1216084649
2024-03-31,WST,1216084649
2024-03-31,WDC,1216084649
2024-03-31,WRK,1216084649
2024-03-31,WY,1216084649
2024-03-31,WMB,1216084649
2024-03-31,WTW,1216084649
2024-03-31,GWW,1216084649
2024-03-31,WYNN,1216084649
2024-03-31,XEL,1216084649
2024-03-31,XYL,1216084649
2024-03-31,YUM,1216084649
2024-03-31,ZBRA,1216084649
2024-03-31,ZBH,1216084649
2024-03-31,ZTS,1216084649
2024-06-30,MMM,1231032496
2024-06-30,AOS,1231032496
2024-06-30,ABT,1231032496
2024-06-30,ABBV,1231032496
2024-06-30,ACN,1231032496
2024-06-30,ADBE,1231032496
2024-06-30,AMD,1231032496
2024-06-30,AES,1231032496
2024-06-30,AFL,1231032496
2024-06-30,A,1231032496
2024-06-30,APD,1231032496
2024-06-30,ABNB,1231032496
2024-06-30,AKAM,1231032496
2024-06-30,ALB,1231032496
2024-06-30,ARE,1231032496
2024-06-30,ALGN,1231032496
2024-06-30,ALLE,1231032496
2024-06-30,LNT,1231032496
2024-06-30,ALL,1231032496
2024-06-30,GOOGL,1231032496
2024-06-30,GOOG,1231032496
2024-06-30,MO,1231032496
2024-06-30,AMZN,1231032496
2024-06-30,AMCR,1231032496
2024-06-30,AEE,1231032496
2024-06-30,AAL,1231032496
2024-06-30,AEP,1231032496
2024-06-30,AXP,1231032496
2024-06-30,AIG,1231032496
2024-06-30,AMT,1231032496
2024-06-30,AWK,1231032496
2024-06-30,AMP,1231032496
2024-06-30,AME,1231032496
2024-06-30,AMGN,1231032496
2024-06-30,APH,1231032496
2024-06-30,ADI,1231032496
2024-06-30,ANSS,1231032496
2024-06-30,AON,1231032496
2024-06-30,APA,1231032496
2024-06-30,AAPL,1231032496
2024-06-30,AMAT,1231032496
2024-06-30,APTV,1231032496
2024-06-30,ACGL,1231032496
2024-06-30,ADM,1231032496
2024-06-30,ANET,1231032496
2024-06-30,AJG,1231032496
2024-06-30,AIZ,1231032496
2024-06-30,T,1231032496
2024-06-30,ATO,1231032496
2024-06-30,ADSK,1231032496
2024-06-30,ADP,1231032496
2024-06-30,AZO,1231032496
2024-06-30,AVB,1231032496
2024-06-30,AVY,1231032496
2024-06-30,AXON,1231032496
2024-06-30,BKR,1231032496
2024-06-30,BALL,1231032496
2024-06-30,BAC,1231032496
2024-06-30,BK,1231032496
2024-06-30,BBWI,1231032496
2024-06-30,BAX,1231032496
2024-06-30,BDX,1231032496
2024-06-30,BRK-B,1231032496
2024-06-30,BBY,1231032496
2024-06-30,BIO,1231032496
2024-06-30,TECH,1231032496
2024-06-30,BIIB,1231032496
2024-06-30,BLK,1231032496
2024-06-30,BX,1231032496
2024-06-30,BA,1231032496
2024-06-30,BKNG,1231032496
2024-06-30,BWA,1231032496
2024-06-30,BXP,1231032496
2024-06-30,BSX,1231032496
2024-06-30,BMY,1231032496
2024-06-30,AVGO,1231032496
2024-06-30,BR,1231032496
2024-06-30,BRO,1231032496
2024-06-30,BF-B,1231032496
2024-06-30,BLDR,1231032496
2024-06-30,BG,1231032496
2024-06-30,CDNS,1231032496
2024-06-30,CZR,1231032496
2024-06-30,CPT,1231032496
2024-06-30,CPB,1231032496
2024-06-30,COF,1231032496
2024-06-30,CAH,1231032496
2024-06-30,KMX,1231032496
2024-06-30,CCL,1231032496
2024-06-30,CARR,1231032496
2024-06-30,CTLT,1231032496
2024-06-30,CAT,1231032496
2024-06-30,CBOE,1231032496
2024-06-30,CBRE,1231032496
2024-06-30,CDW,1231032496
2024-06-30,CE,1231032496
2024-06-30,COR,1231032496
2024-06-30,CNC,1231032496
2024-06-30,CNP,1231032496
2024-06-30,CF,1231032496
2024-06-30,CHRW,1231032496
2024-06-30,CRL,1231032496
2024-06-30,SCHW,1231032496
2024-06-30,CHTR,1231032496
2024-06-30,CVX,1231032496
2024-06-30,CMG,1231032496
2024-06-30,CB,1231032496
2024-06-30,CHD,1231032496
2024-06-30,CI,1231032496
2024-06-30,CINF,1231032496
2024-06-30,CTAS,1231032496
2024-06-30,CSCO,1231032496
2024-06-30,C,1231032496
2024-06-30,CFG,1231032496
2024-06-30,CLX,1231032496
2024-06-30,CME,1231032496
2024-06-30,CMS,1231032496
2024-06-30,KO,1231032496
2024-06-30,CTSH,1231032496
2024-06-30,CL,1231032496
2024-06-30,CMCSA,1231032496
2024-06-30,CAG,1231032496
2024-06-30,COP,1231032496
2024-06-30,ED,1231032496
2024-06-30,STZ,1231032496
2024-06-30,CEG,1231032496
2024-06-30,COO,1231032496
2024-06-30,CPRT,1231032496
2024-06-30,GLW,1231032496
2024-06-30,CPAY,1231032496
2024-06-30,CTVA,1231032496
2024-06-30,CSGP,1231032496
2024-06-30,COST,1231032496
2024-06-30,CTRA,1231032496
2024-06-30,CRWD,1231032496
2024-06-30,CCI,1231032496
2024-06-30,CSX,1231032496
2024-06-30,CMI,1231032496
2024-06-30,CVS,1231032496
2024-06-30,DHR,1231032496
2024-06-30,DRI,1231032496
2024-06-30,DVA,1231032496
2024-06-30,DAY,1231032496
2024-06-30,DECK,1231032496
2024-06-30,DE,1231032496
2024-06-30,DAL,1231032496
2024-06-30,DVN,1231032496
2024-06-30,DXCM,1231032496
2024-06-30,FANG,1231032496
2024-06-30,DLR,1231032496
2024-06-30,DFS,1231032496
2024-06-30,DG,1231032496
2024-06-30,DLTR,1231032496
2024-06-30,D,1231032496
2024-06-30,DPZ,1231032496
2024-06-30,DOV,1231032496
2024-06-30,DOW,1231032496
2024-06-30,DHI,1231032496
2024-06-30,DTE,1231032496
2024-06-30,DUK,1231032496
2024-06-30,DD,1231032496
2024-06-30,EMN,1231032496
2024-06-30,ETN,1231032496
2024-06-30,EBAY,1231032496
2024-06-30,ECL,1231032496
2024-06-30,EIX,1231032496
2024-06-30,EW,1231032496
2024-06-30,EA,1231032496
2024-06-30,ELV,1231032496
2024-06-30,LLY,1231032496
2024-06-30,EMR,1231032496
2024-06-30,ENPH,1231032496
2024-06-30,ETR,1231032496
2024-06-30,EOG,1231032496
2024-06-30,EPAM,1231032496
2024-06-30,EQT,1231032496
2024-06-30,EFX,1231032496
2024-06-30,EQIX,1231032496
2024-06-30,EQR,1231032496
2024-06-30,ESS,1231032496
2024-06-30,EL,1231032496
2024-06-30,ETSY,1231032496
2024-06-30,EG,1231032496
2024-06-30,EVRG,1231032496
2024-06-30,ES,1231032496
2024-06-30,EXC,1231032496
2024-06-30,EXPE,1231032496
2024-06-30,EXPD,1231032496
2024-06-30,EXR,1231032496
2024-06-30,XOM,1231032496
2024-06-30,FFIV,1231032496
2024-06-30,FDS,1231032496
2024-06-30,FICO,1231032496
2024-06-30,FAST,1231032496
2024-06-30,FRT,1231032496
2024-06-30,FDX,1231032496
2024-06-30,FIS,1231032496
2024-06-30,FITB,1231032496
2024-06-30,FSLR,1231032496
2024-06-30,FE,1231032496
2024-06-30,FI,1231032496
2024-06-30,FMC,1231032496
2024-06-30,F,1231032496
2024-06-30,FTNT,1231032496
2024-06-30,FTV,1231032496
2024-06-30,FOXA,1231032496
2024-06-30,FOX,1231032496
2024-06-30,BEN,1231032496
2024-06-30,FCX,1231032496
2024-06-30,GRMN,1231032496
2024-06-30,IT,1231032496
2024-06-30,GE,1231032496
2024-06-30,GEHC,1231032496
2024-06-30,GEV,1231032496
2024-06-30,GEN,1231032496
2024-06-30,GNRC,1231032496
2024-06-30,GD,1231032496
2024-06-30,GIS,1231032496
2024-06-30,GM,1231032496
2024-06-30,GPC,1231032496
2024-06-30,GILD,1231032496
2024-06-30,GPN,1231032496
2024-06-30,GL,1231032496
2024-06-30,GDDY,1231032496
2024-06-30,GS,1231032496
2024-06-30,HAL,1231032496
2024-06-30,HIG,1231032496
2024-06-30,HAS,1231032496
2024-06-30,HCA,1231032496
2024-06-30,DOC,1231032496
2024-06-30,HSIC,1231032496
2024-06-30,HSY,1231032496
2024-06-30,HES,1231032496
2024-06-30,HPE,1231032496
2024-06-30,HLT,1231032496
2024-06-30,HOLX,1231032496
2024-06-30,HD,1231032496
2024-06-30,HON,1231032496
2024-06-30,HRL,1231032496
2024-06-30,HST,1231032496
2024-06-30,HWM,1231032496
2024-06-30,HPQ,1231032496
2024-06-30,HUBB,1231032496
2024-06-30,HUM,1231032496
2024-06-30,HBAN,1231032496
2024-06-30,HII,1231032496
2024-06-30,IBM,1231032496
2024-06-30,IEX,1231032496
2024-06-30,IDXX,1231032496
2024-06-30,ITW,1231032496
2024-06-30,INCY,1231032496
2024-06-30,IR,1231032496
2024-06-30,PODD,1231032496
2024-06-30,INTC,1231032496
2024-06-30,ICE,1231032496
2024-06-30,IFF,1231032496
2024-06-30,IP,1231032496
2024-06-30,IPG,1231032496
2024-06-30,INTU,1231032496
2024-06-30,ISRG,1231032496
2024-06-30,IVZ,1231032496
2024-06-30,INVH,1231032496
2024-06-30,IQV,1231032496
2024-06-30,IRM,1231032496
2024-06-30,JBHT,1231032496
2024-06-30,JBL,1231032496
2024-06-30,JKHY,1231032496
2024-06-30,J,1231032496
2024-06-30,JNJ,1231032496
2024-06-30,JCI,1231032496
2024-06-30,JPM,1231032496
2024-06-30,JNPR,1231032496
2024-06-30,K,1231032496
2024-06-30,KVUE,1231032496
2024-06-30,KDP,1231032496
2024-06-30,KEY,1231032496
2024-06-30,KEYS,1231032496
2024-06-30,KMB,1231032496
2024-06-30,KIM,1231032496
2024-06-30,KMI,1231032496
2024-06-30,KKR,1231032496
2024-06-30,KLAC,1231032496
2024-06-30,KHC,1231032496
2024-06-30,KR,1231032496
2024-06-30,LHX,1231032496
2024-06-30,LH,1231032496
2024-06-30,LRCX,1231032496
2024-06-30,LW,1231032496
2024-06-30,LVS,1231032496
2024-06-30,LDOS,1231032496
2024-06-30,LEN,1231032496
2024-06-30,LIN,1231032496
2024-06-30,LYV,1231032496
2024-06-30,LKQ,1231032496
2024-06-30,LMT,1231032496
2024-06-30,L,1231032496
2024-06-30,LOW,1231032496
2024-06-30,LULU,1231032496
2024-06-30,LYB,1231032496
2024-06-30,MTB,1231032496
2024-06-30,MRO,1231032496
2024-06-30,MPC,1231032496
2024-06-30,MKTX,1231032496
2024-06-30,MAR,1231032496
2024-06-30,MMC,1231032496
2024-06-30,MLM,1231032496
2024-06-30,MAS,1231032496
2024-06-30,MA,1231032496
2024-06-30,MTCH,1231032496
2024-06-30,MKC,1231032496
2024-06-30,MCD,1231032496
2024-06-30,MCK,1231032496
2024-06-30,MDT,1231032496
2024-06-30,MRK,1231032496
2024-06-30,META,1231032496
2024-06-30,MET,1231032496
2024-06-30,MTD,1231032496
2024-06-30,MGM,1231032496
2024-06-30,MCHP,1231032496
2024-06-30,MU,1231032496
2024-06-30,MSFT,1231032496
2024-06-30,MAA,1231032496
2024-06-30,MRNA,1231032496
2024-06-30,MHK,1231032496
2024-06-30,MOH,1231032496
2024-06-30,TAP,1231032496
2024-06-30,MDLZ,1231032496
2024-06-30,MPWR,1231032496
2024-06-30,MNST,1231032496
2024-06-30,MCO,1231032496
2024-06-30,MS,1231032496
2024-06-30,MOS,1231032496
2024-06-30,MSI,1231032496
2024-06-30,MSCI,1231032496
2024-06-30,NDAQ,1231032496
2024-06-30,NTAP,1231032496
2024-06-30,NFLX,1231032496
2024-06-30,NEM,1231032496
2024-06-30,NWSA,1231032496
2024-06-30,NWS,1231032496
2024-06-30,NEE,1231032496
2024-06-30,NKE,1231032496
2024-06-30,NI,1231032496
2024-06-30,NDSN,1231032496
2024-06-30,NSC,1231032496
2024-06-30,NTRS,1231032496
2024-06-30,NOC,1231032496
2024-06-30,NCLH,1231032496
2024-06-30,NRG,1231032496
2024-06-30,NUE,1231032496
2024-06-30,NVDA,1231032496
2024-06-30,NVR,1231032496
2024-06-30,NXPI,1231032496
2024-06-30,ORLY,1231032496
2024-06-30,OXY,1231032496
2024-06-30,ODFL,1231032496
2024-06-30,OMC,1231032496
2024-06-30,ON,1231032496
2024-06-30,OKE,1231032496
2024-06-30,ORCL,1231032496
2024-06-30,OTIS,1231032496
2024-06-30,PCAR,1231032496
2024-06-30,PKG,1231032496
2024-06-30,PANW,1231032496
2024-06-30,PARA,1231032496
2024-06-30,PH,1231032496
2024-06-30,PAYX,1231032496
2024-06-30,PAYC,1231032496
2024-06-30,PYPL,1231032496
2024-06-30,PNR,1231032496
2024-06-30,PEP,1231032496
2024-06-30,PFE,1231032496
2024-06-30,PCG,1231032496
2024-06-30,PM,1231032496
2024-06-30,PSX,1231032496
2024-06-30,PNW,1231032496
2024-06-30,PNC,1231032496
2024-06-30,POOL,1231032496
2024-06-30,PPG,1231032496
2024-06-30,PPL,1231032496
2024-06-30,PFG,1231032496
2024-06-30,PG,1231032496
2024-06-30,PGR,1231032496
2024-06-30,PLD,1231032496
2024-06-30,PRU,1231032496
2024-06-30,PEG,1231032496
2024-06-30,PTC,1231032496
2024-06-30,PSA,1231032496
2024-06-30,PHM,1231032496
2024-06-30,QRVO,1231032496
2024-06-30,PWR,1231032496
2024-06-30,QCOM,1231032496
2024-06-30,DGX,1231032496
2024-06-30,RL,1231032496
2024-06-30,RJF,1231032496
2024-06-30,RTX,1231032496
2024-06-30,O,1231032496
2024-06-30,REG,1231032496
2024-06-30,REGN,1231032496
2024-06-30,RF,1231032496
2024-06-30,RSG,1231032496
2024-06-30,RMD,1231032496
2024-06-30,RVTY,1231032496
2024-06-30,ROK,1231032496
2024-06-30,ROL,1231032496
2024-06-30,ROP,1231032496
2024-06-30,ROST,1231032496
2024-06-30,RCL,1231032496
2024-06-30,SPGI,1231032496
2024-06-30,CRM,1231032496
2024-06-30,SBAC,1231032496
2024-06-30,SLB,1231032496
2024-06-30,STX,1231032496
2024-06-30,SRE,1231032496
2024-06-30,NOW,1231032496
2024-06-30,SHW,1231032496
2024-06-30,SPG,1231032496
2024-06-30,SWKS,1231032496
2024-06-30,SJM,1231032496
2024-06-30,SNA,1231032496
2024-06-30,SOLV,1231032496
2024-06-30,SO,1231032496
2024-06-30,LUV,1231032496
2024-06-30,SWK,1231032496
2024-06-30,SBUX,1231032496
2024-06-30,STT,1231032496
2024-06-30,STLD,1231032496
2024-06-30,STE,1231032496
2024-06-30,SYK,1231032496
2024-06-30,SMCI,1231032496
2024-06-30,SYF,1231032496
2024-06-30,SNPS,1231032496
2024-06-30,SYY,1231032496
2024-06-30,TMUS,1231032496
2024-06-30,TROW,1231032496
2024-06-30,TTWO,1231032496
2024-06-30,TPR,1231032496
2024-06-30,TRGP,1231032496
2024-06-30,TGT,1231032496
2024-06-30,TEL,1231032496
2024-06-30,TDY,1231032496
2024-06-30,TFX,1231032496
2024-06-30,TER,1231032496
2024-06-30,TSLA,1231032496
2024-06-30,TXN,1231032496
2024-06-30,TXT,1231032496
2024-06-30,TMO,1231032496
2024-06-30,TJX,1231032496
2024-06-30,TSCO,1231032496
2024-06-30,TT,1231032496
2024-06-30,TDG,1231032496
2024-06-30,TRV,1231032496
2024-06-30,TRMB,1231032496
2024-06-30,TFC,1231032496
2024-06-30,TYL,1231032496
2024-06-30,TSN,1231032496
2024-06-30,USB,1231032496
2024-06-30,UBER,1231032496
2024-06-30,UDR,1231032496
2024-06-30,ULTA,1231032496
2024-06-30,UNP,1231032496
2024-06-30,UAL,1231032496
2024-06-30,UPS,1231032496
2024-06-30,URI,1231032496
2024-06-30,UNH,1231032496
2024-06-30,UHS,1231032496
2024-06-30,VLO,1231032496
2024-06-30,VTR,1231032496
2024-06-30,VLTO,1231032496
2024-06-30,VRSN,1231032496
2024-06-30,VRSK,1231032496
2024-06-30,VZ,1231032496
2024-06-30,VRTX,1231032496
2024-06-30,VTRS,1231032496
2024-06-30,VICI,1231032496
2024-06-30,V,1231032496
2024-06-30,VST,1231032496
2024-06-30,VMC,1231032496
2024-06-30,WRB,1231032496
2024-06-30,GWW,1231032496
2024-06-30,WAB,1231032496
2024-06-30,WBA,1231032496
2024-06-30,WMT,1231032496
2024-06-30,DIS,1231032496
2024-06-30,WBD,1231032496
2024-06-30,WM,1231032496
2024-06-30,WAT,1231032496
2024-06-30,WEC,1231032496
2024-06-30,WFC,1231032496
2024-06-30,WELL,1231032496
2024-06-30,WST,1231032496
2024-06-30,WDC,1231032496
2024-06-30,WRK,1231032496
2024-06-30,WY,1231032496
2024-06-30,WMB,1231032496
2024-06-30,WTW,1231032496
2024-06-30,WYNN,1231032496
2024-06-30,XEL,1231032496
2024-06-30,XYL,1231032496
2024-06-30,YUM,1231032496
2024-06-30,ZBRA,1231032496
2024-06-30,ZBH,1231032496
2024-06-30,ZTS,1231032496
2024-09-30,MMM,1248180345
2024-09-30,AOS,1248180345
2024-09-30,ABT,1248180345
2024-09-30,ABBV,1248180345
2024-09-30,ACN,1248180345
2024-09-30,ADBE,1248180345
2024-09-30,AMD,1248180345
2024-09-30,AES,1248180345
2024-09-30,AFL,1248180345
2024-09-30,A,1248180345
2024-09-30,APD,1248180345
2024-09-30,ABNB,1248180345
2024-09-30,AKAM,1248180345
2024-09-30,ALB,1248180345
2024-09-30,ARE,1248180345
2024-09-30,ALGN,1248180345
2024-09-30,ALLE,1248180345
2024-09-30,LNT,1248180345
2024-09-30,ALL,1248180345
2024-09-30,GOOGL,1248180345
2024-09-30,GOOG,1248180345
2024-09-30,MO,1248180345
2024-09-30,AMZN,1248180345
2024-09-30,AMCR,1248180345
2024-09-30,AEE,1248180345
2024-09-30,AEP,1248180345
2024-09-30,AXP,1248180345
2024-09-30,AIG,1248180345
2024-09-30,AMT,1248180345
2024-09-30,AWK,1248180345
2024-09-30,AMP,1248180345
2024-09-30,AME,1248180345
2024-09-30,AMGN,1248180345
2024-09-30,APH,1248180345
2024-09-30,ADI,1248180345
2024-09-30,ANSS,1248180345
2024-09-30,AON,1248180345
2024-09-30,APA,1248180345
2024-09-30,AAPL,1248180345
2024-09-30,AMAT,1248180345
2024-09-30,APTV,1248180345
2024-09-30,ACGL,1248180345
2024-09-30,ADM,1248180345
2024-09-30,ANET,1248180345
2024-09-30,AJG,1248180345
2024-09-30,AIZ,1248180345
2024-09-30,T,1248180345
2024-09-30,ATO,1248180345
2024-09-30,ADSK,1248180345
2024-09-30,ADP,1248180345
2024-09-30,AZO,1248180345
2024-09-30,AVB,1248180345
2024-09-30,AVY,1248180345
2024-09-30,AXON,1248180345
2024-09-30,BKR,1248180345
2024-09-30,BALL,1248180345
2024-09-30,BAC,1248180345
2024-09-30,BK,1248180345
2024-09-30,BBWI,1248180345
2024-09-30,BAX,1248180345
2024-09-30,BDX,1248180345
2024-09-30,BRK-B,1248180345
2024-09-30,BBY,1248180345
2024-09-30,TECH,1248180345
2024-09-30,BIIB,1248180345
2024-09-30,BLK,1248180345
2024-09-30,BX,1248180345
2024-09-30,BA,1248180345
2024-09-30,BKNG,1248180345
2024-09-30,BWA,1248180345
2024-09-30,BSX,1248180345
2024-09-30,BMY,1248180345
2024-09-30,AVGO,1248180345
2024-09-30,BR,1248180345
2024-09-30,BRO,1248180345
2024-09-30,BF-B,1248180345
2024-09-30,BLDR,1248180345
2024-09-30,BG,1248180345
2024-09-30,BXP,1248180345
2024-09-30,CHRW,1248180345
2024-09-30,CDNS,1248180345
2024-09-30,CZR,1248180345
2024-09-30,CPT,1248180345
2024-09-30,CPB,1248180345
2024-09-30,COF,1248180345
2024-09-30,CAH,1248180345
2024-09-30,KMX,1248180345
2024-09-30,CCL,1248180345
2024-09-30,CARR,1248180345
2024-09-30,CTLT,1248180345
2024-09-30,CAT,1248180345
2024-09-30,CBOE,1248180345
2024-09-30,CBRE,1248180345
2024-09-30,CDW,1248180345
2024-09-30,CE,1248180345
2024-09-30,COR,1248180345
2024-09-30,CNC,1248180345
2024-09-30,CNP,1248180345
2024-09-30,CF,1248180345
2024-09-30,CRL,1248180345
2024-09-30,SCHW,1248180345
2024-09-30,CHTR,1248180345
2024-09-30,CVX,1248180345
2024-09-30,CMG,1248180345
2024-09-30,CB,1248180345
2024-09-30,CHD,1248180345
2024-09-30,CI,1248180345
2024-09-30,CINF,1248180345
2024-09-30,CTAS,1248180345
2024-09-30,CSCO,1248180345
2024-09-30,C,1248180345
2024-09-30,CFG,1248180345
2024-09-30,CLX,1248180345
2024-09-30,CME,1248180345
2024-09-30,CMS,1248180345
2024-09-30,KO,1248180345
2024-09-30,CTSH,1248180345
2024-09-30,CL,1248180345
2024-09-30,CMCSA,1248180345
2024-09-30,CAG,1248180345
2024-09-30,COP,1248180345
2024-09-30,ED,1248180345
2024-09-30,STZ,1248180345
2024-09-30,CEG,1248180345
2024-09-30,COO,1248180345
2024-09-30,CPRT,1248180345
2024-09-30,GLW,1248180345
2024-09-30,CPAY,1248180345
2024-09-30,CTVA,1248180345
2024-09-30,CSGP,1248180345
2024-09-30,COST,1248180345
2024-09-30,CTRA,1248180345
2024-09-30,CRWD,1248180345
2024-09-30,CCI,1248180345
2024-09-30,CSX,1248180345
2024-09-30,CMI,1248180345
2024-09-30,CVS,1248180345
2024-09-30,DHR,1248180345
2024-09-30,DRI,1248180345
2024-09-30,DVA,1248180345
2024-09-30,DAY,1248180345
2024-09-30,DECK,1248180345
2024-09-30,DE,1248180345
2024-09-30,DELL,1248180345
2024-09-30,DAL,1248180345
2024-09-30,DVN,1248180345
2024-09-30,DXCM,1248180345
2024-09-30,FANG,1248180345
2024-09-30,DLR,1248180345
2024-09-30,DFS,1248180345
2024-09-30,DG,1248180345
2024-09-30,DLTR,1248180345
2024-09-30,D,1248180345
2024-09-30,DPZ,1248180345
2024-09-30,DOV,1248180345
2024-09-30,DOW,1248180345
2024-09-30,DHI,1248180345
2024-09-30,DTE,1248180345
2024-09-30,DUK,1248180345
2024-09-30,DD,1248180345
2024-09-30,EMN,1248180345
2024-09-30,ETN,1248180345
2024-09-30,EBAY,1248180345
2024-09-30,ECL,1248180345
2024-09-30,EIX,1248180345
2024-09-30,EW,1248180345
2024-09-30,EA,1248180345
2024-09-30,ELV,1248180345
2024-09-30,EMR,1248180345
2024-09-30,ENPH,1248180345
2024-09-30,ETR,1248180345
2024-09-30,EOG,1248180345
2024-09-30,EPAM,1248180345
2024-09-30,EQT,1248180345
2024-09-30,EFX,1248180345
2024-09-30,EQIX,1248180345
2024-09-30,EQR,1248180345
2024-09-30,ERIE,1248180345
2024-09-30,ESS,1248180345
2024-09-30,EL,1248180345
2024-09-30,EG,1248180345
2024-09-30,EVRG,1248180345
2024-09-30,ES,1248180345
2024-09-30,EXC,1248180345
2024-09-30,EXPE,1248180345
2024-09-30,EXPD,1248180345
2024-09-30,EXR,1248180345
2024-09-30,XOM,1248180345
2024-09-30,FFIV,1248180345
2024-09-30,FDS,1248180345
2024-09-30,FICO,1248180345
2024-09-30,FAST,1248180345
2024-09-30,FRT,1248180345
2024-09-30,FDX,1248180345
2024-09-30,FIS,1248180345
2024-09-30,FITB,1248180345
2024-09-30,FSLR,1248180345
2024-09-30,FE,1248180345
2024-09-30,FI,1248180345
2024-09-30,FMC,1248180345
2024-09-30,F,1248180345
2024-09-30,FTNT,1248180345
2024-09-30,FTV,1248180345
2024-09-30,FOXA,1248180345
2024-09-30,FOX,1248180345
2024-09-30,BEN,1248180345
2024-09-30,FCX,1248180345
2024-09-30,GRMN,1248180345
2024-09-30,IT,1248180345
2024-09-30,GE,1248180345
2024-09-30,GEHC,1248180345
2024-09-30,GEV,1248180345
2024-09-30,GEN,1248180345
2024-09-30,GNRC,1248180345
2024-09-30,GD,1248180345
2024-09-30,GIS,1248180345
2024-09-30,GM,1248180345
2024-09-30,GPC,1248180345
2024-09-30,GILD,1248180345
2024-09-30,GPN,1248180345
2024-09-30,GL,1248180345
2024-09-30,GDDY,1248180345
2024-09-30,GS,1248180345
2024-09-30,HAL,1248180345
2024-09-30,HIG,1248180345
2024-09-30,HAS,1248180345
2024-09-30,HCA,1248180345
2024-09-30,DOC,1248180345
2024-09-30,HSIC,1248180345
2024-09-30,HSY,1248180345
2024-09-30,HES,1248180345
2024-09-30,HPE,1248180345
2024-09-30,HLT,1248180345
2024-09-30,HOLX,1248180345
2024-09-30,HD,1248180345
2024-09-30,HON,1248180345
2024-09-30,HRL,1248180345
2024-09-30,HST,1248180345
2024-09-30,HWM,1248180345
2024-09-30,HPQ,1248180345
2024-09-30,HUBB,1248180345
2024-09-30,HUM,1248180345
2024-09-30,HBAN,1248180345
2024-09-30,HII,1248180345
2024-09-30,IBM,1248180345
2024-09-30,IEX,1248180345
2024-09-30,IDXX,1248180345
2024-09-30,ITW,1248180345
2024-09-30,INCY,1248180345
2024-09-30,IR,1248180345
2024-09-30,PODD,1248180345
2024-09-30,INTC,1248180345
2024-09-30,ICE,1248180345
2024-09-30,IFF,1248180345
2024-09-30,IP,1248180345
2024-09-30,IPG,1248180345
2024-09-30,INTU,1248180345
2024-09-30,ISRG,1248180345
2024-09-30,IVZ,1248180345
2024-09-30,INVH,1248180345
2024-09-30,IQV,1248180345
2024-09-30,IRM,1248180345
2024-09-30,JBHT,1248180345
2024-09-30,JBL,1248180345
2024-09-30,JKHY,1248180345
2024-09-30,J,1248180345
2024-09-30,JNJ,1248180345
2024-09-30,JCI,1248180345
2024-09-30,JPM,1248180345
2024-09-30,JNPR,1248180345
2024-09-30,K,1248180345
2024-09-30,KVUE,1248180345
2024-09-30,KDP,1248180345
2024-09-30,KEY,1248180345
2024-09-30,KEYS,1248180345
2024-09-30,KMB,1248180345
2024-09-30,KIM,1248180345
2024-09-30,KMI,1248180345
2024-09-30,KKR,1248180345
2024-09-30,KLAC,1248180345
2024-09-30,KHC,1248180345
2024-09-30,KR,1248180345
2024-09-30,LHX,1248180345
2024-09-30,LH,1248180345
2024-09-30,LRCX,1248180345
2024-09-30,LW,1248180345
2024-09-30,LVS,1248180345
2024-09-30,LDOS,1248180345
2024-09-30,LEN,1248180345
2024-09-30,LLY,1248180345
2024-09-30,LIN,1248180345
2024-09-30,LYV,1248180345
2024-09-30,LKQ,1248180345
2024-09-30,LMT,1248180345
2024-09-30,L,1248180345
2024-09-30,LOW,1248180345
2024-09-30,LULU,1248180345
2024-09-30,LYB,1248180345
2024-09-30,MTB,1248180345
2024-09-30,MRO,1248180345
2024-09-30,MPC,1248180345
2024-09-30,MKTX,1248180345
2024-09-30,MAR,1248180345
2024-09-30,MMC,1248180345
2024-09-30,MLM,1248180345
2024-09-30,MAS,1248180345
2024-09-30,MA,1248180345
2024-09-30,MTCH,1248180345
2024-09-30,MKC,1248180345
2024-09-30,MCD,1248180345
2024-09-30,MCK,1248180345
2024-09-30,MDT,1248180345
2024-09-30,MRK,1248180345
2024-09-30,META,1248180345
2024-09-30,MET,1248180345
2024-09-30,MTD,1248180345
2024-09-30,MGM,1248180345
2024-09-30,MCHP,1248180345
2024-09-30,MU,1248180345
2024-09-30,MSFT,1248180345
2024-09-30,MAA,1248180345
2024-09-30,MRNA,1248180345
2024-09-30,MHK,1248180345
2024-09-30,MOH,1248180345
2024-09-30,TAP,1248180345
2024-09-30,MDLZ,1248180345
2024-09-30,MPWR,1248180345
2024-09-30,MNST,1248180345
2024-09-30,MCO,1248180345
2024-09-30,MS,1248180345
2024-09-30,MOS,1248180345
2024-09-30,MSI,1248180345
2024-09-30,MSCI,1248180345
2024-09-30,NDAQ,1248180345
2024-09-30,NTAP,1248180345
2024-09-30,NFLX,1248180345
2024-09-30,NEM,1248180345
2024-09-30,NWSA,1248180345
2024-09-30,NWS,1248180345
2024-09-30,NEE,1248180345
2024-09-30,NKE,1248180345
2024-09-30,NI,1248180345
2024-09-30,NDSN,1248180345
2024-09-30,NSC,1248180345
2024-09-30,NTRS,1248180345
2024-09-30,NOC,1248180345
2024-09-30,NCLH,1248180345
2024-09-30,NRG,1248180345
2024-09-30,NUE,1248180345
2024-09-30,NVDA,1248180345
2024-09-30,NVR,1248180345
2024-09-30,NXPI,1248180345
2024-09-30,ORLY,1248180345
2024-09-30,OXY,1248180345
2024-09-30,ODFL,1248180345
2024-09-30,OMC,1248180345
2024-09-30,ON,1248180345
2024-09-30,OKE,1248180345
2024-09-30,ORCL,1248180345
2024-09-30,OTIS,1248180345
2024-09-30,PCAR,1248180345
2024-09-30,PKG,1248180345
2024-09-30,PLTR,1248180345
2024-09-30,PANW,1248180345
2024-09-30,PARA,1248180345
2024-09-30,PH,1248180345
2024-09-30,PAYX,1248180345
2024-09-30,PAYC,1248180345
2024-09-30,PYPL,1248180345
2024-09-30,PNR,1248180345
2024-09-30,PEP,1248180345
2024-09-30,PFE,1248180345
2024-09-30,PCG,1248180345
2024-09-30,PM,1248180345
2024-09-30,PSX,1248180345
2024-09-30,PNW,1248180345
2024-09-30,PNC,1248180345
2024-09-30,POOL,1248180345
2024-09-30,PPG,1248180345
2024-09-30,PPL,1248180345
2024-09-30,PFG,1248180345
2024-09-30,PG,1248180345
2024-09-30,PGR,1248180345
2024-09-30,PLD,1248180345
2024-09-30,PRU,1248180345
2024-09-30,PEG,1248180345
2024-09-30,PTC,1248180345
2024-09-30,PSA,1248180345
2024-09-30,PHM,1248180345
2024-09-30,QRVO,1248180345
2024-09-30,PWR,1248180345
2024-09-30,QCOM,1248180345
2024-09-30,DGX,1248180345
2024-09-30,RL,1248180345
2024-09-30,RJF,1248180345
2024-09-30,RTX,1248180345
2024-09-30,O,1248180345
2024-09-30,REG,1248180345
2024-09-30,REGN,1248180345
2024-09-30,RF,1248180345
2024-09-30,RSG,1248180345
2024-09-30,RMD,1248180345
2024-09-30,RVTY,1248180345
2024-09-30,ROK,1248180345
2024-09-30,ROL,1248180345
2024-09-30,ROP,1248180345
2024-09-30,ROST,1248180345
2024-09-30,RCL,1248180345
2024-09-30,SPGI,1248180345
2024-09-30,CRM,1248180345
2024-09-30,SBAC,1248180345
2024-09-30,SLB,1248180345
2024-09-30,STX,1248180345
2024-09-30,SRE,1248180345
2024-09-30,NOW,1248180345
2024-09-30,SHW,1248180345
2024-09-30,SPG,1248180345
2024-09-30,SWKS,1248180345
2024-09-30,SJM,1248180345
2024-09-30,SW,1248180345
2024-09-30,SNA,1248180345
2024-09-30,SOLV,1248180345
2024-09-30,SO,1248180345
2024-09-30,LUV,1248180345
2024-09-30,SWK,1248180345
2024-09-30,SBUX,1248180345
2024-09-30,STT,1248180345
2024-09-30,STLD,1248180345
2024-09-30,STE,1248180345
2024-09-30,SYK,1248180345
2024-09-30,SMCI,1248180345
2024-09-30,SYF,1248180345
2024-09-30,SNPS,1248180345
2024-09-30,SYY,1248180345
2024-09-30,TMUS,1248180345
2024-09-30,TROW,1248180345
2024-09-30,TTWO,1248180345
2024-09-30,TPR,1248180345
2024-09-30,TRGP,1248180345
2024-09-30,TGT,1248180345
2024-09-30,TEL,1248180345
2024-09-30,TDY,1248180345
2024-09-30,TFX,1248180345
2024-09-30,TER,1248180345
2024-09-30,TSLA,1248180345
2024-09-30,TXN,1248180345
2024-09-30,TXT,1248180345
2024-09-30,TMO,1248180345
2024-09-30,TJX,1248180345
2024-09-30,TSCO,1248180345
2024-09-30,TT,1248180345
2024-09-30,TDG,1248180345
2024-09-30,TRV,1248180345
2024-09-30,TRMB,1248180345
2024-09-30,TFC,1248180345
2024-09-30,TYL,1248180345
2024-09-30,TSN,1248180345
2024-09-30,USB,1248180345
2024-09-30,UBER,1248180345
2024-09-30,UDR,1248180345
2024-09-30,ULTA,1248180345
2024-09-30,UNP,1248180345
2024-09-30,UAL,1248180345
2024-09-30,UPS,1248180345
2024-09-30,URI,1248180345
2024-09-30,UNH,1248180345
2024-09-30,UHS,1248180345
2024-09-30,VLO,1248180345
2024-09-30,VTR,1248180345
2024-09-30,VLTO,1248180345
2024-09-30,VRSN,1248180345
2024-09-30,VRSK,1248180345
2024-09-30,VZ,1248180345
2024-09-30,VRTX,1248180345
2024-09-30,VTRS,1248180345
2024-09-30,VICI,1248180345
2024-09-30,V,1248180345
2024-09-30,VST,1248180345
2024-09-30,VMC,1248180345
2024-09-30,WRB,1248180345
2024-09-30,GWW,1248180345
2024-09-30,WAB,1248180345
2024-09-30,WBA,1248180345
2024-09-30,WMT,1248180345
2024-09-30,DIS,1248180345
2024-09-30,WBD,1248180345
2024-09-30,WM,1248180345
2024-09-30,WAT,1248180345
2024-09-30,WEC,1248180345
2024-09-30,WFC,1248180345
2024-09-30,WELL,1248180345
2024-09-30,WST,1248180345
2024-09-30,WDC,1248180345
2024-09-30,WY,1248180345
2024-09-30,WMB,1248180345
2024-09-30,WTW,1248180345
2024-09-30,WYNN,1248180345
2024-09-30,XEL,1248180345
2024-09-30,XYL,1248180345
2024-09-30,YUM,1248180345
2024-09-30,ZBRA,1248180345
2024-09-30,ZBH,1248180345
2024-09-30,ZTS,1248180345
2024-12-31,MMM,1265285344
2024-12-31,AOS,1265285344
2024-12-31,ABT,1265285344
2024-12-31,ABBV,1265285344
2024-12-31,ACN,1265285344
2024-12-31,ADBE,1265285344
2024-12-31,AMD,1265285344
2024-12-31,AES,1265285344
2024-12-31,AFL,1265285344
2024-12-31,A,1265285344
2024-12-31,APD,1265285344
2024-12-31,ABNB,1265285344
2024-12-31,AKAM,1265285344
2024-12-31,ALB,1265285344
2024-12-31,ARE,1265285344
2024-12-31,ALGN,1265285344
2024-12-31,ALLE,1265285344
2024-12-31,LNT,1265285344
2024-12-31,ALL,1265285344
2024-12-31,GOOGL,1265285344
2024-12-31,GOOG,1265285344
2024-12-31,MO,1265285344
2024-12-31,AMZN,1265285344
2024-12-31,AMCR,1265285344
2024-12-31,AEE,1265285344
2024-12-31,AEP,1265285344
2024-12-31,AXP,1265285344
2024-12-31,AIG,1265285344
2024-12-31,AMT,1265285344
2024-12-31,AWK,1265285344
2024-12-31,AMP,1265285344
2024-12-31,AME,1265285344
2024-12-31,AMGN,1265285344
2024-12-31,APH,1265285344
2024-12-31,ADI,1265285344
2024-12-31,ANSS,1265285344
2024-12-31,AON,1265285344
2024-12-31,APA,1265285344
2024-12-31,APO,1265285344
2024-12-31,AAPL,1265285344
2024-12-31,AMAT,1265285344
2024-12-31,APTV,1265285344
2024-12-31,ACGL,1265285344
2024-12-31,ADM,1265285344
2024-12-31,ANET,1265285344
2024-12-31,AJG,1265285344
2024-12-31,AIZ,1265285344
2024-12-31,T,1265285344
2024-12-31,ATO,1265285344
2024-12-31,ADSK,1265285344
2024-12-31,ADP,1265285344
2024-12-31,AZO,1265285344
2024-12-31,AVB,1265285344
2024-12-31,AVY,1265285344
2024-12-31,AXON,1265285344
2024-12-31,BKR,1265285344
2024-12-31,BALL,1265285344
2024-12-31,BAC,1265285344
2024-12-31,BAX,1265285344
2024-12-31,BDX,1265285344
2024-12-31,BRK-B,1265285344
2024-12-31,BBY,1265285344
2024-12-31,TECH,1265285344
2024-12-31,BIIB,1265285344
2024-12-31,BLK,1265285344
2024-12-31,BX,1265285344
2024-12-31,BK,1265285344
2024-12-31,BA,1265285344
2024-12-31,BKNG,1265285344
2024-12-31,BWA,1265285344
2024-12-31,BSX,1265285344
2024-12-31,BMY,1265285344
2024-12-31,AVGO,1265285344
2024-12-31,BR,1265285344
2024-12-31,BRO,1265285344
2024-12-31,BF-B,1265285344
2024-12-31,BLDR,1265285344
2024-12-31,BG,1265285344
2024-12-31,BXP,1265285344
2024-12-31,CHRW,1265285344
2024-12-31,CDNS,1265285344
2024-12-31,CZR,1265285344
2024-12-31,CPT,1265285344
2024-12-31,CPB,1265285344
2024-12-31,COF,1265285344
2024-12-31,CAH,1265285344
2024-12-31,KMX,1265285344
2024-12-31,CCL,1265285344
2024-12-31,CARR,1265285344
2024-12-31,CAT,1265285344
2024-12-31,CBOE,1265285344
2024-12-31,CBRE,1265285344
2024-12-31,CDW,1265285344
2024-12-31,CE,1265285344
2024-12-31,COR,1265285344
2024-12-31,CNC,1265285344
2024-12-31,CNP,1265285344
2024-12-31,CF,1265285344
2024-12-31,CRL,1265285344
2024-12-31,SCHW,1265285344
2024-12-31,CHTR,1265285344
2024-12-31,CVX,1265285344
2024-12-31,CMG,1265285344
2024-12-31,CB,1265285344
2024-12-31,CHD,1265285344
2024-12-31,CI,1265285344
2024-12-31,CINF,1265285344
2024-12-31,CTAS,1265285344
2024-12-31,CSCO,1265285344
2024-12-31,C,1265285344
2024-12-31,CFG,1265285344
2024-12-31,CLX,1265285344
2024-12-31,CME,1265285344
2024-12-31,CMS,1265285344
2024-12-31,KO,1265285344
2024-12-31,CTSH,1265285344
2024-12-31,CL,1265285344
2024-12-31,CMCSA,1265285344
2024-12-31,CAG,1265285344
2024-12-31,COP,1265285344
2024-12-31,ED,1265285344
2024-12-31,STZ,1265285344
2024-12-31,CEG,1265285344
2024-12-31,COO,1265285344
2024-12-31,CPRT,1265285344
2024-12-31,GLW,1265285344
2024-12-31,CPAY,1265285344
2024-12-31,CTVA,1265285344
2024-12-31,CSGP,1265285344
2024-12-31,COST,1265285344
2024-12-31,CTRA,1265285344
2024-12-31,CRWD,1265285344
2024-12-31,CCI,1265285344
2024-12-31,CSX,1265285344
2024-12-31,CMI,1265285344
2024-12-31,CVS,1265285344
2024-12-31,DHR,1265285344
2024-12-31,DRI,1265285344
2024-12-31,DVA,1265285344
2024-12-31,DAY,1265285344
2024-12-31,DECK,1265285344
2024-12-31,DE,1265285344
2024-12-31,DELL,1265285344
2024-12-31,DAL,1265285344
2024-12-31,DVN,1265285344
2024-12-31,DXCM,1265285344
2024-12-31,FANG,1265285344
2024-12-31,DLR,1265285344
2024-12-31,DFS,1265285344
2024-12-31,DG,1265285344
2024-12-31,DLTR,1265285344
2024-12-31,D,1265285344
2024-12-31,DPZ,1265285344
2024-12-31,DOV,1265285344
2024-12-31,DOW,1265285344
2024-12-31,DHI,1265285344
2024-12-31,DTE,1265285344
2024-12-31,DUK,1265285344
2024-12-31,DD,1265285344
2024-12-31,EMN,1265285344
2024-12-31,ETN,1265285344
2024-12-31,EBAY,1265285344
2024-12-31,ECL,1265285344
2024-12-31,EIX,1265285344
2024-12-31,EW,1265285344
2024-12-31,EA,1265285344
2024-12-31,ELV,1265285344
2024-12-31,EMR,1265285344
2024-12-31,ENPH,1265285344
2024-12-31,ETR,1265285344
2024-12-31,EOG,1265285344
2024-12-31,EPAM,1265285344
2024-12-31,EQT,1265285344
2024-12-31,EFX,1265285344
2024-12-31,EQIX,1265285344
2024-12-31,EQR,1265285344
2024-12-31,ERIE,1265285344
2024-12-31,ESS,1265285344
2024-12-31,EL,1265285344
2024-12-31,EG,1265285344
2024-12-31,EVRG,1265285344
2024-12-31,ES,1265285344
2024-12-31,EXC,1265285344
2024-12-31,EXPE,1265285344
2024-12-31,EXPD,1265285344
2024-12-31,EXR,1265285344
2024-12-31,XOM,1265285344
2024-12-31,FFIV,1265285344
2024-12-31,FDS,1265285344
2024-12-31,FICO,1265285344
2024-12-31,FAST,1265285344
2024-12-31,FRT,1265285344
2024-12-31,FDX,1265285344
2024-12-31,FIS,1265285344
2024-12-31,FITB,1265285344
2024-12-31,FSLR,1265285344
2024-12-31,FE,1265285344
2024-12-31,FI,1265285344
2024-12-31,FMC,1265285344
2024-12-31,F,1265285344
2024-12-31,FTNT,1265285344
2024-12-31,FTV,1265285344
2024-12-31,FOXA,1265285344
2024-12-31,FOX,1265285344
2024-12-31,BEN,1265285344
2024-12-31,FCX,1265285344
2024-12-31,GRMN,1265285344
2024-12-31,IT,1265285344
2024-12-31,GE,1265285344
2024-12-31,GEHC,1265285344
2024-12-31,GEV,1265285344
2024-12-31,GEN,1265285344
2024-12-31,GNRC,1265285344
2024-12-31,GD,1265285344
2024-12-31,GIS,1265285344
2024-12-31,GM,1265285344
2024-12-31,GPC,1265285344
2024-12-31,GILD,1265285344
2024-12-31,GPN,1265285344
2024-12-31,GL,1265285344
2024-12-31,GDDY,1265285344
2024-12-31,GS,1265285344
2024-12-31,HAL,1265285344
2024-12-31,HIG,1265285344
2024-12-31,HAS,1265285344
2024-12-31,HCA,1265285344
2024-12-31,DOC,1265285344
2024-12-31,HSIC,1265285344
2024-12-31,HSY,1265285344
2024-12-31,HES,1265285344
2024-12-31,HPE,1265285344
2024-12-31,HLT,1265285344
2024-12-31,HOLX,1265285344
2024-12-31,HD,1265285344
2024-12-31,HON,1265285344
2024-12-31,HRL,1265285344
2024-12-31,HST,1265285344
2024-12-31,HWM,1265285344
2024-12-31,HPQ,1265285344
2024-12-31,HUBB,1265285344
2024-12-31,HUM,1265285344
2024-12-31,HBAN,1265285344
2024-12-31,HII,1265285344
2024-12-31,IBM,1265285344
2024-12-31,IEX,1265285344
2024-12-31,IDXX,1265285344
2024-12-31,ITW,1265285344
2024-12-31,INCY,1265285344
2024-12-31,IR,1265285344
2024-12-31,PODD,1265285344
2024-12-31,INTC,1265285344
2024-12-31,ICE,1265285344
2024-12-31,IFF,1265285344
2024-12-31,IP,1265285344
2024-12-31,IPG,1265285344
2024-12-31,INTU,1265285344
2024-12-31,ISRG,1265285344
2024-12-31,IVZ,1265285344
2024-12-31,INVH,1265285344
2024-12-31,IQV,1265285344
2024-12-31,IRM,1265285344
2024-12-31,JBHT,1265285344
2024-12-31,JBL,1265285344
2024-12-31,JKHY,1265285344
2024-12-31,J,1265285344
2024-12-31,JNJ,1265285344
2024-12-31,JCI,1265285344
2024-12-31,JPM,1265285344
2024-12-31,JNPR,1265285344
2024-12-31,K,1265285344
2024-12-31,KVUE,1265285344
2024-12-31,KDP,1265285344
2024-12-31,KEY,1265285344
2024-12-31,KEYS,1265285344
2024-12-31,KMB,1265285344
2024-12-31,KIM,1265285344
2024-12-31,KMI,1265285344
2024-12-31,KKR,1265285344
2024-12-31,KLAC,1265285344
2024-12-31,KHC,1265285344
2024-12-31,KR,1265285344
2024-12-31,LHX,1265285344
2024-12-31,LH,1265285344
2024-12-31,LRCX,1265285344
2024-12-31,LW,1265285344
2024-12-31,LVS,1265285344
2024-12-31,LDOS,1265285344
2024-12-31,LEN,1265285344
2024-12-31,LII,1265285344
2024-12-31,LLY,1265285344
2024-12-31,LIN,1265285344
2024-12-31,LYV,1265285344
2024-12-31,LKQ,1265285344
2024-12-31,LMT,1265285344
2024-12-31,L,1265285344
2024-12-31,LOW,1265285344
2024-12-31,LULU,1265285344
2024-12-31,LYB,1265285344
2024-12-31,MTB,1265285344
2024-12-31,MPC,1265285344
2024-12-31,MKTX,1265285344
2024-12-31,MAR,1265285344
2024-12-31,MMC,1265285344
2024-12-31,MLM,1265285344
2024-12-31,MAS,1265285344
2024-12-31,MA,1265285344
2024-12-31,MTCH,1265285344
2024-12-31,MKC,1265285344
2024-12-31,MCD,1265285344
2024-12-31,MCK,1265285344
2024-12-31,MDT,1265285344
2024-12-31,MRK,1265285344
2024-12-31,META,1265285344
2024-12-31,MET,1265285344
2024-12-31,MTD,1265285344
2024-12-31,MGM,1265285344
2024-12-31,MCHP,1265285344
2024-12-31,MU,1265285344
2024-12-31,MSFT,1265285344
2024-12-31,MAA,1265285344
2024-12-31,MRNA,1265285344
2024-12-31,MHK,1265285344
2024-12-31,MOH,1265285344
2024-12-31,TAP,1265285344
2024-12-31,MDLZ,1265285344
2024-12-31,MPWR,1265285344
2024-12-31,MNST,1265285344
2024-12-31,MCO,1265285344
2024-12-31,MS,1265285344
2024-12-31,MOS,1265285344
2024-12-31,MSI,1265285344
2024-12-31,MSCI,1265285344
2024-12-31,NDAQ,1265285344
2024-12-31,NTAP,1265285344
2024-12-31,NFLX,1265285344
2024-12-31,NEM,1265285344
2024-12-31,NWSA,1265285344
2024-12-31,NWS,1265285344
2024-12-31,NEE,1265285344
2024-12-31,NKE,1265285344
2024-12-31,NI,1265285344
2024-12-31,NDSN,1265285344
2024-12-31,NSC,1265285344
2024-12-31,NTRS,1265285344
2024-12-31,NOC,1265285344
2024-12-31,NCLH,1265285344
2024-12-31,NRG,1265285344
2024-12-31,NUE,1265285344
2024-12-31,NVDA,1265285344
2024-12-31,NVR,1265285344
2024-12-31,NXPI,1265285344
2024-12-31,ORLY,1265285344
2024-12-31,OXY,1265285344
2024-12-31,ODFL,1265285344
2024-12-31,OMC,1265285344
2024-12-31,ON,1265285344
2024-12-31,OKE,1265285344
2024-12-31,ORCL,1265285344
2024-12-31,OTIS,1265285344
2024-12-31,PCAR,1265285344
2024-12-31,PKG,1265285344
2024-12-31,PLTR,1265285344
2024-12-31,PANW,1265285344
2024-12-31,PARA,1265285344
2024-12-31,PH,1265285344
2024-12-31,PAYX,1265285344
2024-12-31,PAYC,1265285344
2024-12-31,PYPL,1265285344
2024-12-31,PNR,1265285344
2024-12-31,PEP,1265285344
2024-12-31,PFE,1265285344
2024-12-31,PCG,1265285344
2024-12-31,PM,1265285344
2024-12-31,PSX,1265285344
2024-12-31,PNW,1265285344
2024-12-31,PNC,1265285344
2024-12-31,POOL,1265285344
2024-12-31,PPG,1265285344
2024-12-31,PPL,1265285344
2024-12-31,PFG,1265285344
2024-12-31,PG,1265285344
2024-12-31,PGR,1265285344
2024-12-31,PLD,1265285344
2024-12-31,PRU,1265285344
2024-12-31,PEG,1265285344
2024-12-31,PTC,1265285344
2024-12-31,PSA,1265285344
2024-12-31,PHM,1265285344
2024-12-31,PWR,1265285344
2024-12-31,QCOM,1265285344
2024-12-31,DGX,1265285344
2024-12-31,RL,1265285344
2024-12-31,RJF,1265285344
2024-12-31,RTX,1265285344
2024-12-31,O,1265285344
2024-12-31,REG,1265285344
2024-12-31,REGN,1265285344
2024-12-31,RF,1265285344
2024-12-31,RSG,1265285344
2024-12-31,RMD,1265285344
2024-12-31,RVTY,1265285344
2024-12-31,ROK,1265285344
2024-12-31,ROL,1265285344
2024-12-31,ROP,1265285344
2024-12-31,ROST,1265285344
2024-12-31,RCL,1265285344
2024-12-31,SPGI,1265285344
2024-12-31,CRM,1265285344
2024-12-31,SBAC,1265285344
2024-12-31,SLB,1265285344
2024-12-31,STX,1265285344
2024-12-31,SRE,1265285344
2024-12-31,NOW,1265285344
2024-12-31,SHW,1265285344
2024-12-31,SPG,1265285344
2024-12-31,SWKS,1265285344
2024-12-31,SJM,1265285344
2024-12-31,SW,1265285344
2024-12-31,SNA,1265285344
2024-12-31,SOLV,1265285344
2024-12-31,SO,1265285344
2024-12-31,LUV,1265285344
2024-12-31,SWK,1265285344
2024-12-31,SBUX,1265285344
2024-12-31,STT,1265285344
2024-12-31,STLD,1265285344
2024-12-31,STE,1265285344
2024-12-31,SYK,1265285344
2024-12-31,SMCI,1265285344
2024-12-31,SYF,1265285344
2024-12-31,SNPS,1265285344
2024-12-31,SYY,1265285344
2024-12-31,TMUS,1265285344
2024-12-31,TROW,1265285344
2024-12-31,TTWO,1265285344
2024-12-31,TPR,1265285344
2024-12-31,TRGP,1265285344
2024-12-31,TGT,1265285344
2024-12-31,TEL,1265285344
2024-12-31,TDY,1265285344
2024-12-31,TFX,1265285344
2024-12-31,TER,1265285344
2024-12-31,TSLA,1265285344
2024-12-31,TXN,1265285344
2024-12-31,TPL,1265285344
2024-12-31,TXT,1265285344
2024-12-31,TMO,1265285344
2024-12-31,TJX,1265285344
2024-12-31,TSCO,1265285344
2024-12-31,TT,1265285344
2024-12-31,TDG,1265285344
2024-12-31,TRV,1265285344
2024-12-31,TRMB,1265285344
2024-12-31,TFC,1265285344
2024-12-31,TYL,1265285344
2024-12-31,TSN,1265285344
2024-12-31,USB,1265285344
2024-12-31,UBER,1265285344
2024-12-31,UDR,1265285344
2024-12-31,ULTA,1265285344
2024-12-31,UNP,1265285344
2024-12-31,UAL,1265285344
2024-12-31,UPS,1265285344
2024-12-31,URI,1265285344
2024-12-31,UNH,1265285344
2024-12-31,UHS,1265285344
2024-12-31,VLO,1265285344
2024-12-31,VTR,1265285344
2024-12-31,VLTO,1265285344
2024-12-31,VRSN,1265285344
2024-12-31,VRSK,1265285344
2024-12-31,VZ,1265285344
2024-12-31,VRTX,1265285344
2024-12-31,VTRS,1265285344
2024-12-31,VICI,1265285344
2024-12-31,V,1265285344
2024-12-31,VST,1265285344
2024-12-31,VMC,1265285344
2024-12-31,WRB,1265285344
2024-12-31,GWW,1265285344
2024-12-31,WAB,1265285344
2024-12-31,WBA,1265285344
2024-12-31,WMT,1265285344
2024-12-31,DIS,1265285344
2024-12-31,WBD,1265285344
2024-12-31,WM,1265285344
2024-12-31,WAT,1265285344
2024-12-31,WEC,1265285344
2024-12-31,WFC,1265285344
2024-12-31,WELL,1265285344
2024-12-31,WST,1265285344
2024-12-31,WDC,1265285344
2024-12-31,WY,1265285344
2024-12-31,WMB,1265285344
2024-12-31,WTW,1265285344
2024-12-31,WDAY,1265285344
2024-12-31,WYNN,1265285344
2024-12-31,XEL,1265285344
2024-12-31,XYL,1265285344
2024-12-31,YUM,1265285344
2024-12-31,ZBRA,1265285344
2024-12-31,ZBH,1265285344
2024-12-31,ZTS,1265285344
2025-03-31,MMM,1282988712
2025-03-31,AOS,1282988712
2025-03-31,ABT,1282988712
2025-03-31,ABBV,1282988712
2025-03-31,ACN,1282988712
2025-03-31,ADBE,1282988712
2025-03-31,AMD,1282988712
2025-03-31,AES,1282988712
2025-03-31,AFL,1282988712
2025-03-31,A,1282988712
2025-03-31,APD,1282988712
2025-03-31,ABNB,1282988712
2025-03-31,AKAM,1282988712
2025-03-31,ALB,1282988712
2025-03-31,ARE,1282988712
2025-03-31,ALGN,1282988712
2025-03-31,ALLE,1282988712
2025-03-31,LNT,1282988712
2025-03-31,ALL,1282988712
2025-03-31,GOOGL,1282988712
2025-03-31,GOOG,1282988712
2025-03-31,MO,1282988712
2025-03-31,AMZN,1282988712
2025-03-31,AMCR,1282988712
2025-03-31,AEE,1282988712
2025-03-31,AEP,1282988712
2025-03-31,AXP,1282988712
2025-03-31,AIG,1282988712
2025-03-31,AMT,1282988712
2025-03-31,AWK,1282988712
2025-03-31,AMP,1282988712
2025-03-31,AME,1282988712
2025-03-31,AMGN,1282988712
2025-03-31,APH,1282988712
2025-03-31,ADI,1282988712
2025-03-31,ANSS,1282988712
2025-03-31,AON,1282988712
2025-03-31,APA,1282988712
2025-03-31,APO,1282988712
2025-03-31,AAPL,1282988712
2025-03-31,AMAT,1282988712
2025-03-31,APTV,1282988712
2025-03-31,ACGL,1282988712
2025-03-31,ADM,1282988712
2025-03-31,ANET,1282988712
2025-03-31,AJG,1282988712
2025-03-31,AIZ,1282988712
2025-03-31,T,1282988712
2025-03-31,ATO,1282988712
2025-03-31,ADSK,1282988712
2025-03-31,ADP,1282988712
2025-03-31,AZO,1282988712
2025-03-31,AVB,1282988712
2025-03-31,AVY,1282988712
2025-03-31,AXON,1282988712
2025-03-31,BKR,1282988712
2025-03-31,BALL,1282988712
2025-03-31,BAC,1282988712
2025-03-31,BAX,1282988712
2025-03-31,BDX,1282988712
2025-03-31,BRK-B,1282988712
2025-03-31,BBY,1282988712
2025-03-31,TECH,1282988712
2025-03-31,BIIB,1282988712
2025-03-31,BLK,1282988712
2025-03-31,BX,1282988712
2025-03-31,BK,1282988712
2025-03-31,BA,1282988712
2025-03-31,BKNG,1282988712
2025-03-31,BSX,1282988712
2025-03-31,BMY,1282988712
2025-03-31,AVGO,1282988712
2025-03-31,BR,1282988712
2025-03-31,BRO,1282988712
2025-03-31,BF-B,1282988712
2025-03-31,BLDR,1282988712
2025-03-31,BG,1282988712
2025-03-31,BXP,1282988712
2025-03-31,CHRW,1282988712
2025-03-31,CDNS,1282988712
2025-03-31,CZR,1282988712
2025-03-31,CPT,1282988712
2025-03-31,CPB,1282988712
2025-03-31,COF,1282988712
2025-03-31,CAH,1282988712
2025-03-31,KMX,1282988712
2025-03-31,CCL,1282988712
2025-03-31,CARR,1282988712
2025-03-31,CAT,1282988712
2025-03-31,CBOE,1282988712
2025-03-31,CBRE,1282988712
2025-03-31,CDW,1282988712
2025-03-31,COR,1282988712
2025-03-31,CNC,1282988712
2025-03-31,CNP,1282988712
2025-03-31,CF,1282988712
2025-03-31,CRL,1282988712
2025-03-31,SCHW,1282988712
2025-03-31,CHTR,1282988712
2025-03-31,CVX,1282988712
2025-03-31,CMG,1282988712
2025-03-31,CB,1282988712
2025-03-31,CHD,1282988712
2025-03-31,CI,1282988712
2025-03-31,CINF,1282988712
2025-03-31,CTAS,1282988712
2025-03-31,CSCO,1282988712
2025-03-31,C,1282988712
2025-03-31,CFG,1282988712
2025-03-31,CLX,1282988712
2025-03-31,CME,1282988712
2025-03-31,CMS,1282988712
2025-03-31,KO,1282988712
2025-03-31,CTSH,1282988712
2025-03-31,CL,1282988712
2025-03-31,CMCSA,1282988712
2025-03-31,CAG,1282988712
2025-03-31,COP,1282988712
2025-03-31,ED,1282988712
2025-03-31,STZ,1282988712
2025-03-31,CEG,1282988712
2025-03-31,COO,1282988712
2025-03-31,CPRT,1282988712
2025-03-31,GLW,1282988712
2025-03-31,CPAY,1282988712
2025-03-31,CTVA,1282988712
2025-03-31,CSGP,1282988712
2025-03-31,COST,1282988712
2025-03-31,CTRA,1282988712
2025-03-31,CRWD,1282988712
2025-03-31,CCI,1282988712
2025-03-31,CSX,1282988712
2025-03-31,CMI,1282988712
2025-03-31,CVS,1282988712
2025-03-31,DHR,1282988712
2025-03-31,DRI,1282988712
2025-03-31,DVA,1282988712
2025-03-31,DAY,1282988712
2025-03-31,DECK,1282988712
2025-03-31,DE,1282988712
2025-03-31,DELL,1282988712
2025-03-31,DAL,1282988712
2025-03-31,DVN,1282988712
2025-03-31,DXCM,1282988712
2025-03-31,FANG,1282988712
2025-03-31,DLR,1282988712
2025-03-31,DFS,1282988712
2025-03-31,DG,1282988712
2025-03-31,DLTR,1282988712
2025-03-31,D,1282988712
2025-03-31,DPZ,1282988712
2025-03-31,DASH,1282988712
2025-03-31,DOV,1282988712
2025-03-31,DOW,1282988712
2025-03-31,DHI,1282988712
2025-03-31,DTE,1282988712
2025-03-31,DUK,1282988712
2025-03-31,DD,1282988712
2025-03-31,EMN,1282988712
2025-03-31,ETN,1282988712
2025-03-31,EBAY,1282988712
2025-03-31,ECL,1282988712
2025-03-31,EIX,1282988712
2025-03-31,EW,1282988712
2025-03-31,EA,1282988712
2025-03-31,ELV,1282988712
2025-03-31,EMR,1282988712
2025-03-31,ENPH,1282988712
2025-03-31,ETR,1282988712
2025-03-31,EOG,1282988712
2025-03-31,EPAM,1282988712
2025-03-31,EQT,1282988712
2025-03-31,EFX,1282988712
2025-03-31,EQIX,1282988712
2025-03-31,EQR,1282988712
2025-03-31,ERIE,1282988712
2025-03-31,ESS,1282988712
2025-03-31,EL,1282988712
2025-03-31,EG,1282988712
2025-03-31,EVRG,1282988712
2025-03-31,ES,1282988712
2025-03-31,EXC,1282988712
2025-03-31,EXE,1282988712
2025-03-31,EXPE,1282988712
2025-03-31,EXPD,1282988712
2025-03-31,EXR,1282988712
2025-03-31,XOM,1282988712
2025-03-31,FFIV,1282988712
2025-03-31,FDS,1282988712
2025-03-31,FICO,1282988712
2025-03-31,FAST,1282988712
2025-03-31,FRT,1282988712
2025-03-31,FDX,1282988712
2025-03-31,FIS,1282988712
2025-03-31,FITB,1282988712
2025-03-31,FSLR,1282988712
2025-03-31,FE,1282988712
2025-03-31,FI,1282988712
2025-03-31,F,1282988712
2025-03-31,FTNT,1282988712
2025-03-31,FTV,1282988712
2025-03-31,FOXA,1282988712
2025-03-31,FOX,1282988712
2025-03-31,BEN,1282988712
2025-03-31,FCX,1282988712
2025-03-31,GRMN,1282988712
2025-03-31,IT,1282988712
2025-03-31,GE,1282988712
2025-03-31,GEHC,1282988712
2025-03-31,GEV,1282988712
2025-03-31,GEN,1282988712
2025-03-31,GNRC,1282988712
2025-03-31,GD,1282988712
2025-03-31,GIS,1282988712
2025-03-31,GM,1282988712
2025-03-31,GPC,1282988712
2025-03-31,GILD,1282988712
2025-03-31,GPN,1282988712
2025-03-31,GL,1282988712
2025-03-31,GDDY,1282988712
2025-03-31,GS,1282988712
2025-03-31,HAL,1282988712
2025-03-31,HIG,1282988712
2025-03-31,HAS,1282988712
2025-03-31,HCA,1282988712
2025-03-31,DOC,1282988712
2025-03-31,HSIC,1282988712
2025-03-31,HSY,1282988712
2025-03-31,HES,1282988712
2025-03-31,HPE,1282988712
2025-03-31,HLT,1282988712
2025-03-31,HOLX,1282988712
2025-03-31,HD,1282988712
2025-03-31,HON,1282988712
2025-03-31,HRL,1282988712
2025-03-31,HST,1282988712
2025-03-31,HWM,1282988712
2025-03-31,HPQ,1282988712
2025-03-31,HUBB,1282988712
2025-03-31,HUM,1282988712
2025-03-31,HBAN,1282988712
2025-03-31,HII,1282988712
2025-03-31,IBM,1282988712
2025-03-31,IEX,1282988712
2025-03-31,IDXX,1282988712
2025-03-31,ITW,1282988712
2025-03-31,INCY,1282988712
2025-03-31,IR,1282988712
2025-03-31,PODD,1282988712
2025-03-31,INTC,1282988712
2025-03-31,ICE,1282988712
2025-03-31,IFF,1282988712
2025-03-31,IP,1282988712
2025-03-31,IPG,1282988712
2025-03-31,INTU,1282988712
2025-03-31,ISRG,1282988712
2025-03-31,IVZ,1282988712
2025-03-31,INVH,1282988712
2025-03-31,IQV,1282988712
2025-03-31,IRM,1282988712
2025-03-31,JBHT,1282988712
2025-03-31,JBL,1282988712
2025-03-31,JKHY,1282988712
2025-03-31,J,1282988712
2025-03-31,JNJ,1282988712
2025-03-31,JCI,1282988712
2025-03-31,JPM,1282988712
2025-03-31,JNPR,1282988712
2025-03-31,K,1282988712
2025-03-31,KVUE,1282988712
2025-03-31,KDP,1282988712
2025-03-31,KEY,1282988712
2025-03-31,KEYS,1282988712
2025-03-31,KMB,1282988712
2025-03-31,KIM,1282988712
2025-03-31,KMI,1282988712
2025-03-31,KKR,1282988712
2025-03-31,KLAC,1282988712
2025-03-31,KHC,1282988712
2025-03-31,KR,1282988712
2025-03-31,LHX,1282988712
2025-03-31,LH,1282988712
2025-03-31,LRCX,1282988712
2025-03-31,LW,1282988712
2025-03-31,LVS,1282988712
2025-03-31,LDOS,1282988712
2025-03-31,LEN,1282988712
2025-03-31,LII,1282988712
2025-03-31,LLY,1282988712
2025-03-31,LIN,1282988712
2025-03-31,LYV,1282988712
2025-03-31,LKQ,1282988712
2025-03-31,LMT,1282988712
2025-03-31,L,1282988712
2025-03-31,LOW,1282988712
2025-03-31,LULU,1282988712
2025-03-31,LYB,1282988712
2025-03-31,MTB,1282988712
2025-03-31,MPC,1282988712
2025-03-31,MKTX,1282988712
2025-03-31,MAR,1282988712
2025-03-31,MMC,1282988712
2025-03-31,MLM,1282988712
2025-03-31,MAS,1282988712
2025-03-31,MA,1282988712
2025-03-31,MTCH,1282988712
2025-03-31,MKC,1282988712
2025-03-31,MCD,1282988712
2025-03-31,MCK,1282988712
2025-03-31,MDT,1282988712
2025-03-31,MRK,1282988712
2025-03-31,META,1282988712
2025-03-31,MET,1282988712
2025-03-31,MTD,1282988712
2025-03-31,MGM,1282988712
2025-03-31,MCHP,1282988712
2025-03-31,MU,1282988712
2025-03-31,MSFT,1282988712
2025-03-31,MAA,1282988712
2025-03-31,MRNA,1282988712
2025-03-31,MHK,1282988712
2025-03-31,MOH,1282988712
2025-03-31,TAP,1282988712
2025-03-31,MDLZ,1282988712
2025-03-31,MPWR,1282988712
2025-03-31,MNST,1282988712
2025-03-31,MCO,1282988712
2025-03-31,MS,1282988712
2025-03-31,MOS,1282988712
2025-03-31,MSI,1282988712
2025-03-31,MSCI,1282988712
2025-03-31,NDAQ,1282988712
2025-03-31,NTAP,1282988712
2025-03-31,NFLX,1282988712
2025-03-31,NEM,1282988712
2025-03-31,NWSA,1282988712
2025-03-31,NWS,1282988712
2025-03-31,NEE,1282988712
2025-03-31,NKE,1282988712
2025-03-31,NI,1282988712
2025-03-31,NDSN,1282988712
2025-03-31,NSC,1282988712
2025-03-31,NTRS,1282988712
2025-03-31,NOC,1282988712
2025-03-31,NCLH,1282988712
2025-03-31,NRG,1282988712
2025-03-31,NUE,1282988712
2025-03-31,NVDA,1282988712
2025-03-31,NVR,1282988712
2025-03-31,NXPI,1282988712
2025-03-31,ORLY,1282988712
2025-03-31,OXY,1282988712
2025-03-31,ODFL,1282988712
2025-03-31,OMC,1282988712
2025-03-31,ON,1282988712
2025-03-31,OKE,1282988712
2025-03-31,ORCL,1282988712
2025-03-31,OTIS,1282988712
2025-03-31,PCAR,1282988712
2025-03-31,PKG,1282988712
2025-03-31,PLTR,1282988712
2025-03-31,PANW,1282988712
2025-03-31,PARA,1282988712
2025-03-31,PH,1282988712
2025-03-31,PAYX,1282988712
2025-03-31,PAYC,1282988712
2025-03-31,PYPL,1282988712
2025-03-31,PNR,1282988712
2025-03-31,PEP,1282988712
2025-03-31,PFE,1282988712
2025-03-31,PCG,1282988712
2025-03-31,PM,1282988712
2025-03-31,PSX,1282988712
2025-03-31,PNW,1282988712
2025-03-31,PNC,1282988712
2025-03-31,POOL,1282988712
2025-03-31,PPG,1282988712
2025-03-31,PPL,1282988712
2025-03-31,PFG,1282988712
2025-03-31,PG,1282988712
2025-03-31,PGR,1282988712
2025-03-31,PLD,1282988712
2025-03-31,PRU,1282988712
2025-03-31,PEG,1282988712
2025-03-31,PTC,1282988712
2025-03-31,PSA,1282988712
2025-03-31,PHM,1282988712
2025-03-31,PWR,1282988712
2025-03-31,QCOM,1282988712
2025-03-31,DGX,1282988712
2025-03-31,RL,1282988712
2025-03-31,RJF,1282988712
2025-03-31,RTX,1282988712
2025-03-31,O,1282988712
2025-03-31,REG,1282988712
2025-03-31,REGN,1282988712
2025-03-31,RF,1282988712
2025-03-31,RSG,1282988712
2025-03-31,RMD,1282988712
2025-03-31,RVTY,1282988712
2025-03-31,ROK,1282988712
2025-03-31,ROL,1282988712
2025-03-31,ROP,1282988712
2025-03-31,ROST,1282988712
2025-03-31,RCL,1282988712
2025-03-31,SPGI,1282988712
2025-03-31,CRM,1282988712
2025-03-31,SBAC,1282988712
2025-03-31,SLB,1282988712
2025-03-31,STX,1282988712
2025-03-31,SRE,1282988712
2025-03-31,NOW,1282988712
2025-03-31,SHW,1282988712
2025-03-31,SPG,1282988712
2025-03-31,SWKS,1282988712
2025-03-31,SJM,1282988712
2025-03-31,SW,1282988712
2025-03-31,SNA,1282988712
2025-03-31,SOLV,1282988712
2025-03-31,SO,1282988712
2025-03-31,LUV,1282988712
2025-03-31,SWK,1282988712
2025-03-31,SBUX,1282988712
2025-03-31,STT,1282988712
2025-03-31,STLD,1282988712
2025-03-31,STE,1282988712
2025-03-31,SYK,1282988712
2025-03-31,SMCI,1282988712
2025-03-31,SYF,1282988712
2025-03-31,SNPS,1282988712
2025-03-31,SYY,1282988712
2025-03-31,TMUS,1282988712
2025-03-31,TROW,1282988712
2025-03-31,TTWO,1282988712
2025-03-31,TPR,1282988712
2025-03-31,TRGP,1282988712
2025-03-31,TGT,1282988712
2025-03-31,TEL,1282988712
2025-03-31,TDY,1282988712
2025-03-31,TER,1282988712
2025-03-31,TSLA,1282988712
2025-03-31,TXN,1282988712
2025-03-31,TPL,1282988712
2025-03-31,TXT,1282988712
2025-03-31,TMO,1282988712
2025-03-31,TJX,1282988712
2025-03-31,TKO,1282988712
2025-03-31,TSCO,1282988712
2025-03-31,TT,1282988712
2025-03-31,TDG,1282988712
2025-03-31,TRV,1282988712
2025-03-31,TRMB,1282988712
2025-03-31,TFC,1282988712
2025-03-31,TYL,1282988712
2025-03-31,TSN,1282988712
2025-03-31,USB,1282988712
2025-03-31,UBER,1282988712
2025-03-31,UDR,1282988712
2025-03-31,ULTA,1282988712
2025-03-31,UNP,1282988712
2025-03-31,UAL,1282988712
2025-03-31,UPS,1282988712
2025-03-31,URI,1282988712
2025-03-31,UNH,1282988712
2025-03-31,UHS,1282988712
2025-03-31,VLO,1282988712
2025-03-31,VTR,1282988712
2025-03-31,VLTO,1282988712
2025-03-31,VRSN,1282988712
2025-03-31,VRSK,1282988712
2025-03-31,VZ,1282988712
2025-03-31,VRTX,1282988712
2025-03-31,VTRS,1282988712
2025-03-31,VICI,1282988712
2025-03-31,V,1282988712
2025-03-31,VST,1282988712
2025-03-31,VMC,1282988712
2025-03-31,WRB,1282988712
2025-03-31,GWW,1282988712
2025-03-31,WAB,1282988712
2025-03-31,WBA,1282988712
2025-03-31,WMT,1282988712
2025-03-31,DIS,1282988712
2025-03-31,WBD,1282988712
2025-03-31,WM,1282988712
2025-03-31,WAT,1282988712
2025-03-31,WEC,1282988712
2025-03-31,WFC,1282988712
2025-03-31,WELL,1282988712
2025-03-31,WST,1282988712
2025-03-31,WDC,1282988712
2025-03-31,WY,1282988712
2025-03-31,WSM,1282988712
2025-03-31,WMB,1282988712
2025-03-31,WTW,1282988712
2025-03-31,WDAY,1282988712
2025-03-31,WYNN,1282988712
2025-03-31,XEL,1282988712
2025-03-31,XYL,1282988712
2025-03-31,YUM,1282988712
2025-03-31,ZBRA,1282988712
2025-03-31,ZBH,1282988712
2025-03-31,ZTS,1282988712
2025-06-30,MMM,1295035732
2025-06-30,AOS,1295035732
2025-06-30,ABT,1295035732
2025-06-30,ABBV,1295035732
2025-06-30,ACN,1295035732
2025-06-30,ADBE,1295035732
2025-06-30,AMD,1295035732
2025-06-30,AES,1295035732
2025-06-30,AFL,1295035732
2025-06-30,A,1295035732
2025-06-30,APD,1295035732
2025-06-30,ABNB,1295035732
2025-06-30,AKAM,1295035732
2025-06-30,ALB,1295035732
2025-06-30,ARE,1295035732
2025-06-30,ALGN,1295035732
2025-06-30,ALLE,1295035732
2025-06-30,LNT,1295035732
2025-06-30,ALL,1295035732
2025-06-30,GOOGL,1295035732
2025-06-30,GOOG,1295035732
2025-06-30,MO,1295035732
2025-06-30,AMZN,1295035732
2025-06-30,AMCR,1295035732
2025-06-30,AEE,1295035732
2025-06-30,AEP,1295035732
2025-06-30,AXP,1295035732
2025-06-30,AIG,1295035732
2025-06-30,AMT,1295035732
2025-06-30,AWK,1295035732
2025-06-30,AMP,1295035732
2025-06-30,AME,1295035732
2025-06-30,AMGN,1295035732
2025-06-30,APH,1295035732
2025-06-30,ADI,1295035732
2025-06-30,ANSS,1295035732
2025-06-30,AON,1295035732
2025-06-30,APA,1295035732
2025-06-30,APO,1295035732
2025-06-30,AAPL,1295035732
2025-06-30,AMAT,1295035732
2025-06-30,APTV,1295035732
2025-06-30,ACGL,1295035732
2025-06-30,ADM,1295035732
2025-06-30,ANET,1295035732
2025-06-30,AJG,1295035732
2025-06-30,AIZ,1295035732
2025-06-30,T,1295035732
2025-06-30,ATO,1295035732
2025-06-30,ADSK,1295035732
2025-06-30,ADP,1295035732
2025-06-30,AZO,1295035732
2025-06-30,AVB,1295035732
2025-06-30,AVY,1295035732
2025-06-30,AXON,1295035732
2025-06-30,BKR,1295035732
2025-06-30,BALL,1295035732
2025-06-30,BAC,1295035732
2025-06-30,BAX,1295035732
2025-06-30,BDX,1295035732
2025-06-30,BRK-B,1295035732
2025-06-30,BBY,1295035732
2025-06-30,TECH,1295035732
2025-06-30,BIIB,1295035732
2025-06-30,BLK,1295035732
2025-06-30,BX,1295035732
2025-06-30,BK,1295035732
2025-06-30,BA,1295035732
2025-06-30,BKNG,1295035732
2025-06-30,BSX,1295035732
2025-06-30,BMY,1295035732
2025-06-30,AVGO,1295035732
2025-06-30,BR,1295035732
2025-06-30,BRO,1295035732
2025-06-30,BF-B,1295035732
2025-06-30,BLDR,1295035732
2025-06-30,BG,1295035732
2025-06-30,BXP,1295035732
2025-06-30,CHRW,1295035732
2025-06-30,CDNS,1295035732
2025-06-30,CZR,1295035732
2025-06-30,CPT,1295035732
2025-06-30,CPB,1295035732
2025-06-30,COF,1295035732
2025-06-30,CAH,1295035732
2025-06-30,KMX,1295035732
2025-06-30,CCL,1295035732
2025-06-30,CARR,1295035732
2025-06-30,CAT,1295035732
2025-06-30,CBOE,1295035732
2025-06-30,CBRE,1295035732
2025-06-30,CDW,1295035732
2025-06-30,COR,1295035732
2025-06-30,CNC,1295035732
2025-06-30,CNP,1295035732
2025-06-30,CF,1295035732
2025-06-30,CRL,1295035732
2025-06-30,SCHW,1295035732
2025-06-30,CHTR,1295035732
2025-06-30,CVX,1295035732
2025-06-30,CMG,1295035732
2025-06-30,CB,1295035732
2025-06-30,CHD,1295035732
2025-06-30,CI,1295035732
2025-06-30,CINF,1295035732
2025-06-30,CTAS,1295035732
2025-06-30,CSCO,1295035732
2025-06-30,C,1295035732
2025-06-30,CFG,1295035732
2025-06-30,CLX,1295035732
2025-06-30,CME,1295035732
2025-06-30,CMS,1295035732
2025-06-30,KO,1295035732
2025-06-30,CTSH,1295035732
2025-06-30,COIN,1295035732
2025-06-30,CL,1295035732
2025-06-30,CMCSA,1295035732
2025-06-30,CAG,1295035732
2025-06-30,COP,1295035732
2025-06-30,ED,1295035732
2025-06-30,STZ,1295035732
2025-06-30,CEG,1295035732
2025-06-30,COO,1295035732
2025-06-30,CPRT,1295035732
2025-06-30,GLW,1295035732
2025-06-30,CPAY,1295035732
2025-06-30,CTVA,1295035732
2025-06-30,CSGP,1295035732
2025-06-30,COST,1295035732
2025-06-30,CTRA,1295035732
2025-06-30,CRWD,1295035732
2025-06-30,CCI,1295035732
2025-06-30,CSX,1295035732
2025-06-30,CMI,1295035732
2025-06-30,CVS,1295035732
2025-06-30,DHR,1295035732
2025-06-30,DRI,1295035732
2025-06-30,DVA,1295035732
2025-06-30,DAY,1295035732
2025-06-30,DECK,1295035732
2025-06-30,DE,1295035732
2025-06-30,DELL,1295035732
2025-06-30,DAL,1295035732
2025-06-30,DVN,1295035732
2025-06-30,DXCM,1295035732
2025-06-30,FANG,1295035732
2025-06-30,DLR,1295035732
2025-06-30,DG,1295035732
2025-06-30,DLTR,1295035732
2025-06-30,D,1295035732
2025-06-30,DPZ,1295035732
2025-06-30,DASH,1295035732
2025-06-30,DOV,1295035732
2025-06-30,DOW,1295035732
2025-06-30,DHI,1295035732
2025-06-30,DTE,1295035732
2025-06-30,DUK,1295035732
2025-06-30,DD,1295035732
2025-06-30,EMN,1295035732
2025-06-30,ETN,1295035732
2025-06-30,EBAY,1295035732
2025-06-30,ECL,1295035732
2025-06-30,EIX,1295035732
2025-06-30,EW,1295035732
2025-06-30,EA,1295035732
2025-06-30,ELV,1295035732
2025-06-30,EMR,1295035732
2025-06-30,ENPH,1295035732
2025-06-30,ETR,1295035732
2025-06-30,EOG,1295035732
2025-06-30,EPAM,1295035732
2025-06-30,EQT,1295035732
2025-06-30,EFX,1295035732
2025-06-30,EQIX,1295035732
2025-06-30,EQR,1295035732
2025-06-30,ERIE,1295035732
2025-06-30,ESS,1295035732
2025-06-30,EL,1295035732
2025-06-30,EG,1295035732
2025-06-30,EVRG,1295035732
2025-06-30,ES,1295035732
2025-06-30,EXC,1295035732
2025-06-30,EXE,1295035732
2025-06-30,EXPE,1295035732
2025-06-30,EXPD,1295035732
2025-06-30,EXR,1295035732
2025-06-30,XOM,1295035732
2025-06-30,FFIV,1295035732
2025-06-30,FDS,1295035732
2025-06-30,FICO,1295035732
2025-06-30,FAST,1295035732
2025-06-30,FRT,1295035732
2025-06-30,FDX,1295035732
2025-06-30,FIS,1295035732
2025-06-30,FITB,1295035732
2025-06-30,FSLR,1295035732
2025-06-30,FE,1295035732
2025-06-30,FI,1295035732
2025-06-30,F,1295035732
2025-06-30,FTNT,1295035732
2025-06-30,FTV,1295035732
2025-06-30,FOXA,1295035732
2025-06-30,FOX,1295035732
2025-06-30,BEN,1295035732
2025-06-30,FCX,1295035732
2025-06-30,GRMN,1295035732
2025-06-30,IT,1295035732
2025-06-30,GE,1295035732
2025-06-30,GEHC,1295035732
2025-06-30,GEV,1295035732
2025-06-30,GEN,1295035732
2025-06-30,GNRC,1295035732
2025-06-30,GD,1295035732
2025-06-30,GIS,1295035732
2025-06-30,GM,1295035732
2025-06-30,GPC,1295035732
2025-06-30,GILD,1295035732
2025-06-30,GPN,1295035732
2025-06-30,GL,1295035732
2025-06-30,GDDY,1295035732
2025-06-30,GS,1295035732
2025-06-30,HAL,1295035732
2025-06-30,HIG,1295035732
2025-06-30,HAS,1295035732
2025-06-30,HCA,1295035732
2025-06-30,DOC,1295035732
2025-06-30,HSIC,1295035732
2025-06-30,HSY,1295035732
2025-06-30,HES,1295035732
2025-06-30,HPE,1295035732
2025-06-30,HLT,1295035732
2025-06-30,HOLX,1295035732
2025-06-30,HD,1295035732
2025-06-30,HON,1295035732
2025-06-30,HRL,1295035732
2025-06-30,HST,1295035732
2025-06-30,HWM,1295035732
2025-06-30,HPQ,1295035732
2025-06-30,HUBB,1295035732
2025-06-30,HUM,1295035732
2025-06-30,HBAN,1295035732
2025-06-30,HII,1295035732
2025-06-30,IBM,1295035732
2025-06-30,IEX,1295035732
2025-06-30,IDXX,1295035732
2025-06-30,ITW,1295035732
2025-06-30,INCY,1295035732
2025-06-30,IR,1295035732
2025-06-30,PODD,1295035732
2025-06-30,INTC,1295035732
2025-06-30,ICE,1295035732
2025-06-30,IFF,1295035732
2025-06-30,IP,1295035732
2025-06-30,IPG,1295035732
2025-06-30,INTU,1295035732
2025-06-30,ISRG,1295035732
2025-06-30,IVZ,1295035732
2025-06-30,INVH,1295035732
2025-06-30,IQV,1295035732
2025-06-30,IRM,1295035732
2025-06-30,JBHT,1295035732
2025-06-30,JBL,1295035732
2025-06-30,JKHY,1295035732
2025-06-30,J,1295035732
2025-06-30,JNJ,1295035732
2025-06-30,JCI,1295035732
2025-06-30,JPM,1295035732
2025-06-30,JNPR,1295035732
2025-06-30,K,1295035732
2025-06-30,KVUE,1295035732
2025-06-30,KDP,1295035732
2025-06-30,KEY,1295035732
2025-06-30,KEYS,1295035732
2025-06-30,KMB,1295035732
2025-06-30,KIM,1295035732
2025-06-30,KMI,1295035732
2025-06-30,KKR,1295035732
2025-06-30,KLAC,1295035732
2025-06-30,KHC,1295035732
2025-06-30,KR,1295035732
2025-06-30,LHX,1295035732
2025-06-30,LH,1295035732
2025-06-30,LRCX,1295035732
2025-06-30,LW,1295035732
2025-06-30,LVS,1295035732
2025-06-30,LDOS,1295035732
2025-06-30,LEN,1295035732
2025-06-30,LII,1295035732
2025-06-30,LLY,1295035732
2025-06-30,LIN,1295035732
2025-06-30,LYV,1295035732
2025-06-30,LKQ,1295035732
2025-06-30,LMT,1295035732
2025-06-30,L,1295035732
2025-06-30,LOW,1295035732
2025-06-30,LULU,1295035732
2025-06-30,LYB,1295035732
2025-06-30,MTB,1295035732
2025-06-30,MPC,1295035732
2025-06-30,MKTX,1295035732
2025-06-30,MAR,1295035732
2025-06-30,MMC,1295035732
2025-06-30,MLM,1295035732
2025-06-30,MAS,1295035732
2025-06-30,MA,1295035732
2025-06-30,MTCH,1295035732
2025-06-30,MKC,1295035732
2025-06-30,MCD,1295035732
2025-06-30,MCK,1295035732
2025-06-30,MDT,1295035732
2025-06-30,MRK,1295035732
2025-06-30,META,1295035732
2025-06-30,MET,1295035732
2025-06-30,MTD,1295035732
2025-06-30,MGM,1295035732
2025-06-30,MCHP,1295035732
2025-06-30,MU,1295035732
2025-06-30,MSFT,1295035732
2025-06-30,MAA,1295035732
2025-06-30,MRNA,1295035732
2025-06-30,MHK,1295035732
2025-06-30,MOH,1295035732
2025-06-30,TAP,1295035732
2025-06-30,MDLZ,1295035732
2025-06-30,MPWR,1295035732
2025-06-30,MNST,1295035732
2025-06-30,MCO,1295035732
2025-06-30,MS,1295035732
2025-06-30,MOS,1295035732
2025-06-30,MSI,1295035732
2025-06-30,MSCI,1295035732
2025-06-30,NDAQ,1295035732
2025-06-30,NTAP,1295035732
2025-06-30,NFLX,1295035732
2025-06-30,NEM,1295035732
2025-06-30,NWSA,1295035732
2025-06-30,NWS,1295035732
2025-06-30,NEE,1295035732
2025-06-30,NKE,1295035732
2025-06-30,NI,1295035732
2025-06-30,NDSN,1295035732
2025-06-30,NSC,1295035732
2025-06-30,NTRS,1295035732
2025-06-30,NOC,1295035732
2025-06-30,NCLH,1295035732
2025-06-30,NRG,1295035732
2025-06-30,NUE,1295035732
2025-06-30,NVDA,1295035732
2025-06-30,NVR,1295035732
2025-06-30,NXPI,1295035732
2025-06-30,ORLY,1295035732
2025-06-30,OXY,1295035732
2025-06-30,ODFL,1295035732
2025-06-30,OMC,1295035732
2025-06-30,ON,1295035732
2025-06-30,OKE,1295035732
2025-06-30,ORCL,1295035732
2025-06-30,OTIS,1295035732
2025-06-30,PCAR,1295035732
2025-06-30,PKG,1295035732
2025-06-30,PLTR,1295035732
2025-06-30,PANW,1295035732
2025-06-30,PARA,1295035732
2025-06-30,PH,1295035732
2025-06-30,PAYX,1295035732
2025-06-30,PAYC,1295035732
2025-06-30,PYPL,1295035732
2025-06-30,PNR,1295035732
2025-06-30,PEP,1295035732
2025-06-30,PFE,1295035732
2025-06-30,PCG,1295035732
2025-06-30,PM,1295035732
2025-06-30,PSX,1295035732
2025-06-30,PNW,1295035732
2025-06-30,PNC,1295035732
2025-06-30,POOL,1295035732
2025-06-30,PPG,1295035732
2025-06-30,PPL,1295035732
2025-06-30,PFG,1295035732
2025-06-30,PG,1295035732
2025-06-30,PGR,1295035732
2025-06-30,PLD,1295035732
2025-06-30,PRU,1295035732
2025-06-30,PEG,1295035732
2025-06-30,PTC,1295035732
2025-06-30,PSA,1295035732
2025-06-30,PHM,1295035732
2025-06-30,PWR,1295035732
2025-06-30,QCOM,1295035732
2025-06-30,DGX,1295035732
2025-06-30,RL,1295035732
2025-06-30,RJF,1295035732
2025-06-30,RTX,1295035732
2025-06-30,O,1295035732
2025-06-30,REG,1295035732
2025-06-30,REGN,1295035732
2025-06-30,RF,1295035732
2025-06-30,RSG,1295035732
2025-06-30,RMD,1295035732
2025-06-30,RVTY,1295035732
2025-06-30,ROK,1295035732
2025-06-30,ROL,1295035732
2025-06-30,ROP,1295035732
2025-06-30,ROST,1295035732
2025-06-30,RCL,1295035732
2025-06-30,SPGI,1295035732
2025-06-30,CRM,1295035732
2025-06-30,SBAC,1295035732
2025-06-30,SLB,1295035732
2025-06-30,STX,1295035732
2025-06-30,SRE,1295035732
2025-06-30,NOW,1295035732
2025-06-30,SHW,1295035732
2025-06-30,SPG,1295035732
2025-06-30,SWKS,1295035732
2025-06-30,SJM,1295035732
2025-06-30,SW,1295035732
2025-06-30,SNA,1295035732
2025-06-30,SOLV,1295035732
2025-06-30,SO,1295035732
2025-06-30,LUV,1295035732
2025-06-30,SWK,1295035732
2025-06-30,SBUX,1295035732
2025-06-30,STT,1295035732
2025-06-30,STLD,1295035732
2025-06-30,STE,1295035732
2025-06-30,SYK,1295035732
2025-06-30,SMCI,1295035732
2025-06-30,SYF,1295035732
2025-06-30,SNPS,1295035732
2025-06-30,SYY,1295035732
2025-06-30,TMUS,1295035732
2025-06-30,TROW,1295035732
2025-06-30,TTWO,1295035732
2025-06-30,TPR,1295035732
2025-06-30,TRGP,1295035732
2025-06-30,TGT,1295035732
2025-06-30,TEL,1295035732
2025-06-30,TDY,1295035732
2025-06-30,TER,1295035732
2025-06-30,TSLA,1295035732
2025-06-30,TXN,1295035732
2025-06-30,TPL,1295035732
2025-06-30,TXT,1295035732
2025-06-30,TMO,1295035732
2025-06-30,TJX,1295035732
2025-06-30,TKO,1295035732
2025-06-30,TSCO,1295035732
2025-06-30,TT,1295035732
2025-06-30,TDG,1295035732
2025-06-30,TRV,1295035732
2025-06-30,TRMB,1295035732
2025-06-30,TFC,1295035732
2025-06-30,TYL,1295035732
2025-06-30,TSN,1295035732
2025-06-30,USB,1295035732
2025-06-30,UBER,1295035732
2025-06-30,UDR,1295035732
2025-06-30,ULTA,1295035732
2025-06-30,UNP,1295035732
2025-06-30,UAL,1295035732
2025-06-30,UPS,1295035732
2025-06-30,URI,1295035732
2025-06-30,UNH,1295035732
2025-06-30,UHS,1295035732
2025-06-30,VLO,1295035732
2025-06-30,VTR,1295035732
2025-06-30,VLTO,1295035732
2025-06-30,VRSN,1295035732
2025-06-30,VRSK,1295035732
2025-06-30,VZ,1295035732
2025-06-30,VRTX,1295035732
2025-06-30,VTRS,1295035732
2025-06-30,VICI,1295035732
2025-06-30,V,1295035732
2025-06-30,VST,1295035732
2025-06-30,VMC,1295035732
2025-06-30,WRB,1295035732
2025-06-30,GWW,1295035732
2025-06-30,WAB,1295035732
2025-06-30,WBA,1295035732
2025-06-30,WMT,1295035732
2025-06-30,DIS,1295035732
2025-06-30,WBD,1295035732
2025-06-30,WM,1295035732
2025-06-30,WAT,1295035732
2025-06-30,WEC,1295035732
2025-06-30,WFC,1295035732
2025-06-30,WELL,1295035732
2025-06-30,WST,1295035732
2025-06-30,WDC,1295035732
2025-06-30,WY,1295035732
2025-06-30,WSM,1295035732
2025-06-30,WMB,1295035732
2025-06-30,WTW,1295035732
2025-06-30,WDAY,1295035732
2025-06-30,WYNN,1295035732
2025-06-30,XEL,1295035732
2025-06-30,XYL,1295035732
2025-06-30,YUM,1295035732
2025-06-30,ZBRA,1295035732
2025-06-30,ZBH,1295035732
2025-06-30,ZTS,1295035732
2025-09-30,MMM,1312973701
2025-09-30,AOS,1312973701
2025-09-30,ABT,1312973701
2025-09-30,ABBV,1312973701
2025-09-30,ACN,1312973701
2025-09-30,ADBE,1312973701
2025-09-30,AMD,1312973701
2025-09-30,AES,1312973701
2025-09-30,AFL,1312973701
2025-09-30,A,1312973701
2025-09-30,APD,1312973701
2025-09-30,ABNB,1312973701
2025-09-30,AKAM,1312973701
2025-09-30,ALB,1312973701
2025-09-30,ARE,1312973701
2025-09-30,ALGN,1312973701
2025-09-30,ALLE,1312973701
2025-09-30,LNT,1312973701
2025-09-30,ALL,1312973701
2025-09-30,GOOGL,1312973701
2025-09-30,GOOG,1312973701
2025-09-30,MO,1312973701
2025-09-30,AMZN,1312973701
2025-09-30,AMCR,1312973701
2025-09-30,AEE,1312973701
2025-09-30,AEP,1312973701
2025-09-30,AXP,1312973701
2025-09-30,AIG,1312973701
2025-09-30,AMT,1312973701
2025-09-30,AWK,1312973701
2025-09-30,AMP,1312973701
2025-09-30,AME,1312973701
2025-09-30,AMGN,1312973701
2025-09-30,APH,1312973701
2025-09-30,ADI,1312973701
2025-09-30,AON,1312973701
2025-09-30,APA,1312973701
2025-09-30,APO,1312973701
2025-09-30,AAPL,1312973701
2025-09-30,AMAT,1312973701
2025-09-30,APP,1312973701
2025-09-30,APTV,1312973701
2025-09-30,ACGL,1312973701
2025-09-30,ADM,1312973701
2025-09-30,ANET,1312973701
2025-09-30,AJG,1312973701
2025-09-30,AIZ,1312973701
2025-09-30,T,1312973701
2025-09-30,ATO,1312973701
2025-09-30,ADSK,1312973701
2025-09-30,ADP,1312973701
2025-09-30,AZO,1312973701
2025-09-30,AVB,1312973701
2025-09-30,AVY,1312973701
2025-09-30,AXON,1312973701
2025-09-30,BKR,1312973701
2025-09-30,BALL,1312973701
2025-09-30,BAC,1312973701
2025-09-30,BAX,1312973701
2025-09-30,BDX,1312973701
2025-09-30,BRK-B,1312973701
2025-09-30,BBY,1312973701
2025-09-30,TECH,1312973701
2025-09-30,BIIB,1312973701
2025-09-30,BLK,1312973701
2025-09-30,BX,1312973701
2025-09-30,XYZ,1312973701
2025-09-30,BK,1312973701
2025-09-30,BA,1312973701
2025-09-30,BKNG,1312973701
2025-09-30,BSX,1312973701
2025-09-30,BMY,1312973701
2025-09-30,AVGO,1312973701
2025-09-30,BR,1312973701
2025-09-30,BRO,1312973701
2025-09-30,BF-B,1312973701
2025-09-30,BLDR,1312973701
2025-09-30,BG,1312973701
2025-09-30,BXP,1312973701
2025-09-30,CHRW,1312973701
2025-09-30,CDNS,1312973701
2025-09-30,CPT,1312973701
2025-09-30,CPB,1312973701
2025-09-30,COF,1312973701
2025-09-30,CAH,1312973701
2025-09-30,KMX,1312973701
2025-09-30,CCL,1312973701
2025-09-30,CARR,1312973701
2025-09-30,CAT,1312973701
2025-09-30,CBOE,1312973701
2025-09-30,CBRE,1312973701
2025-09-30,CDW,1312973701
2025-09-30,COR,1312973701
2025-09-30,CNC,1312973701
2025-09-30,CNP,1312973701
2025-09-30,CF,1312973701
2025-09-30,CRL,1312973701
2025-09-30,SCHW,1312973701
2025-09-30,CHTR,1312973701
2025-09-30,CVX,1312973701
2025-09-30,CMG,1312973701
2025-09-30,CB,1312973701
2025-09-30,CHD,1312973701
2025-09-30,CI,1312973701
2025-09-30,CINF,1312973701
2025-09-30,CTAS,1312973701
2025-09-30,CSCO,1312973701
2025-09-30,C,1312973701
2025-09-30,CFG,1312973701
2025-09-30,CLX,1312973701
2025-09-30,CME,1312973701
2025-09-30,CMS,1312973701
2025-09-30,KO,1312973701
2025-09-30,CTSH,1312973701
2025-09-30,COIN,1312973701
2025-09-30,CL,1312973701
2025-09-30,CMCSA,1312973701
2025-09-30,CAG,1312973701
2025-09-30,COP,1312973701
2025-09-30,ED,1312973701
2025-09-30,STZ,1312973701
2025-09-30,CEG,1312973701
2025-09-30,COO,1312973701
2025-09-30,CPRT,1312973701
2025-09-30,GLW,1312973701
2025-09-30,CPAY,1312973701
2025-09-30,CTVA,1312973701
2025-09-30,CSGP,1312973701
2025-09-30,COST,1312973701
2025-09-30,CTRA,1312973701
2025-09-30,CRWD,1312973701
2025-09-30,CCI,1312973701
2025-09-30,CSX,1312973701
2025-09-30,CMI,1312973701
2025-09-30,CVS,1312973701
2025-09-30,DHR,1312973701
2025-09-30,DRI,1312973701
2025-09-30,DDOG,1312973701
2025-09-30,DVA,1312973701
2025-09-30,DAY,1312973701
2025-09-30,DECK,1312973701
2025-09-30,DE,1312973701
2025-09-30,DELL,1312973701
2025-09-30,DAL,1312973701
2025-09-30,DVN,1312973701
2025-09-30,DXCM,1312973701
2025-09-30,FANG,1312973701
2025-09-30,DLR,1312973701
2025-09-30,DG,1312973701
2025-09-30,DLTR,1312973701
2025-09-30,D,1312973701
2025-09-30,DPZ,1312973701
2025-09-30,DASH,1312973701
2025-09-30,DOV,1312973701
2025-09-30,DOW,1312973701
2025-09-30,DHI,1312973701
2025-09-30,DTE,1312973701
2025-09-30,DUK,1312973701
2025-09-30,DD,1312973701
2025-09-30,EMN,1312973701
2025-09-30,ETN,1312973701
2025-09-30,EBAY,1312973701
2025-09-30,ECL,1312973701
2025-09-30,EIX,1312973701
2025-09-30,EW,1312973701
2025-09-30,EA,1312973701
2025-09-30,ELV,1312973701
2025-09-30,EME,1312973701
2025-09-30,EMR,1312973701
2025-09-30,ETR,1312973701
2025-09-30,EOG,1312973701
2025-09-30,EPAM,1312973701
2025-09-30,EQT,1312973701
2025-09-30,EFX,1312973701
2025-09-30,EQIX,1312973701
2025-09-30,EQR,1312973701
2025-09-30,ERIE,1312973701
2025-09-30,ESS,1312973701
2025-09-30,EL,1312973701
2025-09-30,EG,1312973701
2025-09-30,EVRG,1312973701
2025-09-30,ES,1312973701
2025-09-30,EXC,1312973701
2025-09-30,EXE,1312973701
2025-09-30,EXPE,1312973701
2025-09-30,EXPD,1312973701
2025-09-30,EXR,1312973701
2025-09-30,XOM,1312973701
2025-09-30,FFIV,1312973701
2025-09-30,FDS,1312973701
2025-09-30,FICO,1312973701
2025-09-30,FAST,1312973701
2025-09-30,FRT,1312973701
2025-09-30,FDX,1312973701
2025-09-30,FIS,1312973701
2025-09-30,FITB,1312973701
2025-09-30,FSLR,1312973701
2025-09-30,FE,1312973701
2025-09-30,FI,1312973701
2025-09-30,F,1312973701
2025-09-30,FTNT,1312973701
2025-09-30,FTV,1312973701
2025-09-30,FOXA,1312973701
2025-09-30,FOX,1312973701
2025-09-30,BEN,1312973701
2025-09-30,FCX,1312973701
2025-09-30,GRMN,1312973701
2025-09-30,IT,1312973701
2025-09-30,GE,1312973701
2025-09-30,GEHC,1312973701
2025-09-30,GEV,1312973701
2025-09-30,GEN,1312973701
2025-09-30,GNRC,1312973701
2025-09-30,GD,1312973701
2025-09-30,GIS,1312973701
2025-09-30,GM,1312973701
2025-09-30,GPC,1312973701
2025-09-30,GILD,1312973701
2025-09-30,GPN,1312973701
2025-09-30,GL,1312973701
2025-09-30,GDDY,1312973701
2025-09-30,GS,1312973701
2025-09-30,HAL,1312973701
2025-09-30,HIG,1312973701
2025-09-30,HAS,1312973701
2025-09-30,HCA,1312973701
2025-09-30,DOC,1312973701
2025-09-30,HSIC,1312973701
2025-09-30,HSY,1312973701
2025-09-30,HPE,1312973701
2025-09-30,HLT,1312973701
2025-09-30,HOLX,1312973701
2025-09-30,HD,1312973701
2025-09-30,HON,1312973701
2025-09-30,HRL,1312973701
2025-09-30,HST,1312973701
2025-09-30,HWM,1312973701
2025-09-30,HPQ,1312973701
2025-09-30,HUBB,1312973701
2025-09-30,HUM,1312973701
2025-09-30,HBAN,1312973701
2025-09-30,HII,1312973701
2025-09-30,IBM,1312973701
2025-09-30,IEX,1312973701
2025-09-30,IDXX,1312973701
2025-09-30,ITW,1312973701
2025-09-30,INCY,1312973701
2025-09-30,IR,1312973701
2025-09-30,PODD,1312973701
2025-09-30,INTC,1312973701
2025-09-30,IBKR,1312973701
2025-09-30,ICE,1312973701
2025-09-30,IFF,1312973701
2025-09-30,IP,1312973701
2025-09-30,IPG,1312973701
2025-09-30,INTU,1312973701
2025-09-30,ISRG,1312973701
2025-09-30,IVZ,1312973701
2025-09-30,INVH,1312973701
2025-09-30,IQV,1312973701
2025-09-30,IRM,1312973701
2025-09-30,JBHT,1312973701
2025-09-30,JBL,1312973701
2025-09-30,JKHY,1312973701
2025-09-30,J,1312973701
2025-09-30,JNJ,1312973701
2025-09-30,JCI,1312973701
2025-09-30,JPM,1312973701
2025-09-30,K,1312973701
2025-09-30,KVUE,1312973701
2025-09-30,KDP,1312973701
2025-09-30,KEY,1312973701
2025-09-30,KEYS,1312973701
2025-09-30,KMB,1312973701
2025-09-30,KIM,1312973701
2025-09-30,KMI,1312973701
2025-09-30,KKR,1312973701
2025-09-30,KLAC,1312973701
2025-09-30,KHC,1312973701
2025-09-30,KR,1312973701
2025-09-30,LHX,1312973701
2025-09-30,LH,1312973701
2025-09-30,LRCX,1312973701
2025-09-30,LW,1312973701
2025-09-30,LVS,1312973701
2025-09-30,LDOS,1312973701
2025-09-30,LEN,1312973701
2025-09-30,LII,1312973701
2025-09-30,LLY,1312973701
2025-09-30,LIN,1312973701
2025-09-30,LYV,1312973701
2025-09-30,LKQ,1312973701
2025-09-30,LMT,1312973701
2025-09-30,L,1312973701
2025-09-30,LOW,1312973701
2025-09-30,LULU,1312973701
2025-09-30,LYB,1312973701
2025-09-30,MTB,1312973701
2025-09-30,MPC,1312973701
2025-09-30,MAR,1312973701
2025-09-30,MMC,1312973701
2025-09-30,MLM,1312973701
2025-09-30,MAS,1312973701
2025-09-30,MA,1312973701
2025-09-30,MTCH,1312973701
2025-09-30,MKC,1312973701
2025-09-30,MCD,1312973701
2025-09-30,MCK,1312973701
2025-09-30,MDT,1312973701
2025-09-30,MRK,1312973701
2025-09-30,META,1312973701
2025-09-30,MET,1312973701
2025-09-30,MTD,1312973701
2025-09-30,MGM,1312973701
2025-09-30,MCHP,1312973701
2025-09-30,MU,1312973701
2025-09-30,MSFT,1312973701
2025-09-30,MAA,1312973701
2025-09-30,MRNA,1312973701
2025-09-30,MHK,1312973701
2025-09-30,MOH,1312973701
2025-09-30,TAP,1312973701
2025-09-30,MDLZ,1312973701
2025-09-30,MPWR,1312973701
2025-09-30,MNST,1312973701
2025-09-30,MCO,1312973701
2025-09-30,MS,1312973701
2025-09-30,MOS,1312973701
2025-09-30,MSI,1312973701
2025-09-30,MSCI,1312973701
2025-09-30,NDAQ,1312973701
2025-09-30,NTAP,1312973701
2025-09-30,NFLX,1312973701
2025-09-30,NEM,1312973701
2025-09-30,NWSA,1312973701
2025-09-30,NWS,1312973701
2025-09-30,NEE,1312973701
2025-09-30,NKE,1312973701
2025-09-30,NI,1312973701
2025-09-30,NDSN,1312973701
2025-09-30,NSC,1312973701
2025-09-30,NTRS,1312973701
2025-09-30,NOC,1312973701
2025-09-30,NCLH,1312973701
2025-09-30,NRG,1312973701
2025-09-30,NUE,1312973701
2025-09-30,NVDA,1312973701
2025-09-30,NVR,1312973701
2025-09-30,NXPI,1312973701
2025-09-30,ORLY,1312973701
2025-09-30,OXY,1312973701
2025-09-30,ODFL,1312973701
2025-09-30,OMC,1312973701
2025-09-30,ON,1312973701
2025-09-30,OKE,1312973701
2025-09-30,ORCL,1312973701
2025-09-30,OTIS,1312973701
2025-09-30,PCAR,1312973701
2025-09-30,PKG,1312973701
2025-09-30,PLTR,1312973701
2025-09-30,PANW,1312973701
2025-09-30,PSKY,1312973701
2025-09-30,PH,1312973701
2025-09-30,PAYX,1312973701
2025-09-30,PAYC,1312973701
2025-09-30,PYPL,1312973701
2025-09-30,PNR,1312973701
2025-09-30,PEP,1312973701
2025-09-30,PFE,1312973701
2025-09-30,PCG,1312973701
2025-09-30,PM,1312973701
2025-09-30,PSX,1312973701
2025-09-30,PNW,1312973701
2025-09-30,PNC,1312973701
2025-09-30,POOL,1312973701
2025-09-30,PPG,1312973701
2025-09-30,PPL,1312973701
2025-09-30,PFG,1312973701
2025-09-30,PG,1312973701
2025-09-30,PGR,1312973701
2025-09-30,PLD,1312973701
2025-09-30,PRU,1312973701
2025-09-30,PEG,1312973701
2025-09-30,PTC,1312973701
2025-09-30,PSA,1312973701
2025-09-30,PHM,1312973701
2025-09-30,PWR,1312973701
2025-09-30,QCOM,1312973701
2025-09-30,DGX,1312973701
2025-09-30,RL,1312973701
2025-09-30,RJF,1312973701
2025-09-30,RTX,1312973701
2025-09-30,O,1312973701
2025-09-30,REG,1312973701
2025-09-30,REGN,1312973701
2025-09-30,RF,1312973701
2025-09-30,RSG,1312973701
2025-09-30,RMD,1312973701
2025-09-30,RVTY,1312973701
2025-09-30,HOOD,1312973701
2025-09-30,ROK,1312973701
2025-09-30,ROL,1312973701
2025-09-30,ROP,1312973701
2025-09-30,ROST,1312973701
2025-09-30,RCL,1312973701
2025-09-30,SPGI,1312973701
2025-09-30,CRM,1312973701
2025-09-30,SBAC,1312973701
2025-09-30,SLB,1312973701
2025-09-30,STX,1312973701
2025-09-30,SRE,1312973701
2025-09-30,NOW,1312973701
2025-09-30,SHW,1312973701
2025-09-30,SPG,1312973701
2025-09-30,SWKS,1312973701
2025-09-30,SJM,1312973701
2025-09-30,SW,1312973701
2025-09-30,SNA,1312973701
2025-09-30,SOLV,1312973701
2025-09-30,SO,1312973701
2025-09-30,LUV,1312973701
2025-09-30,SWK,1312973701
2025-09-30,SBUX,1312973701
2025-09-30,STT,1312973701
2025-09-30,STLD,1312973701
2025-09-30,STE,1312973701
2025-09-30,SYK,1312973701
2025-09-30,SMCI,1312973701
2025-09-30,SYF,1312973701
2025-09-30,SNPS,1312973701
2025-09-30,SYY,1312973701
2025-09-30,TMUS,1312973701
2025-09-30,TROW,1312973701
2025-09-30,TTWO,1312973701
2025-09-30,TPR,1312973701
2025-09-30,TRGP,1312973701
2025-09-30,TGT,1312973701
2025-09-30,TEL,1312973701
2025-09-30,TDY,1312973701
2025-09-30,TER,1312973701
2025-09-30,TSLA,1312973701
2025-09-30,TXN,1312973701
2025-09-30,TPL,1312973701
2025-09-30,TXT,1312973701
2025-09-30,TMO,1312973701
2025-09-30,TJX,1312973701
2025-09-30,TKO,1312973701
2025-09-30,TTD,1312973701
2025-09-30,TSCO,1312973701
2025-09-30,TT,1312973701
2025-09-30,TDG,1312973701
2025-09-30,TRV,1312973701
2025-09-30,TRMB,1312973701
2025-09-30,TFC,1312973701
2025-09-30,TYL,1312973701
2025-09-30,TSN,1312973701
2025-09-30,USB,1312973701
2025-09-30,UBER,1312973701
2025-09-30,UDR,1312973701
2025-09-30,ULTA,1312973701
2025-09-30,UNP,1312973701
2025-09-30,UAL,1312973701
2025-09-30,UPS,1312973701
2025-09-30,URI,1312973701
2025-09-30,UNH,1312973701
2025-09-30,UHS,1312973701
2025-09-30,VLO,1312973701
2025-09-30,VTR,1312973701
2025-09-30,VLTO,1312973701
2025-09-30,VRSN,1312973701
2025-09-30,VRSK,1312973701
2025-09-30,VZ,1312973701
2025-09-30,VRTX,1312973701
2025-09-30,VTRS,1312973701
2025-09-30,VICI,1312973701
2025-09-30,V,1312973701
2025-09-30,VST,1312973701
2025-09-30,VMC,1312973701
2025-09-30,WRB,1312973701
2025-09-30,GWW,1312973701
2025-09-30,WAB,1312973701
2025-09-30,WMT,1312973701
2025-09-30,DIS,1312973701
2025-09-30,WBD,1312973701
2025-09-30,WM,1312973701
2025-09-30,WAT,1312973701
2025-09-30,WEC,1312973701
2025-09-30,WFC,1312973701
2025-09-30,WELL,1312973701
2025-09-30,WST,1312973701
2025-09-30,WDC,1312973701
2025-09-30,WY,1312973701
2025-09-30,WSM,1312973701
2025-09-30,WMB,1312973701
2025-09-30,WTW,1312973701
2025-09-30,WDAY,1312973701
2025-09-30,WYNN,1312973701
2025-09-30,XEL,1312973701
2025-09-30,XYL,1312973701
2025-09-30,YUM,1312973701
2025-09-30,ZBRA,1312973701
2025-09-30,ZBH,1312973701
2025-09-30,ZTS,1312973701
2025-12-31,MMM,1329075976
2025-12-31,AOS,1329075976
2025-12-31,ABT,1329075976
2025-12-31,ABBV,1329075976
2025-12-31,ACN,1329075976
2025-12-31,ADBE,1329075976
2025-12-31,AMD,1329075976
2025-12-31,AES,1329075976
2025-12-31,AFL,1329075976
2025-12-31,A,1329075976
2025-12-31,APD,1329075976
2025-12-31,ABNB,1329075976
2025-12-31,AKAM,1329075976
2025-12-31,ALB,1329075976
2025-12-31,ARE,1329075976
2025-12-31,ALGN,1329075976
2025-12-31,ALLE,1329075976
2025-12-31,LNT,1329075976
2025-12-31,ALL,1329075976
2025-12-31,GOOGL,1329075976
2025-12-31,GOOG,1329075976
2025-12-31,MO,1329075976
2025-12-31,AMZN,1329075976
2025-12-31,AMCR,1329075976
2025-12-31,AEE,1329075976
2025-12-31,AEP,1329075976
2025-12-31,AXP,1329075976
2025-12-31,AIG,1329075976
2025-12-31,AMT,1329075976
2025-12-31,AWK,1329075976
2025-12-31,AMP,1329075976
2025-12-31,AME,1329075976
2025-12-31,AMGN,1329075976
2025-12-31,APH,1329075976
2025-12-31,ADI,1329075976
2025-12-31,AON,1329075976
2025-12-31,APA,1329075976
2025-12-31,APO,1329075976
2025-12-31,AAPL,1329075976
2025-12-31,AMAT,1329075976
2025-12-31,APP,1329075976
2025-12-31,APTV,1329075976
2025-12-31,ACGL,1329075976
2025-12-31,ADM,1329075976
2025-12-31,ARES,1329075976
2025-12-31,ANET,1329075976
2025-12-31,AJG,1329075976
2025-12-31,AIZ,1329075976
2025-12-31,T,1329075976
2025-12-31,ATO,1329075976
2025-12-31,ADSK,1329075976
2025-12-31,ADP,1329075976
2025-12-31,AZO,1329075976
2025-12-31,AVB,1329075976
2025-12-31,AVY,1329075976
2025-12-31,AXON,1329075976
2025-12-31,BKR,1329075976
2025-12-31,BALL,1329075976
2025-12-31,BAC,1329075976
2025-12-31,BAX,1329075976
2025-12-31,BDX,1329075976
2025-12-31,BRK-B,1329075976
2025-12-31,BBY,1329075976
2025-12-31,TECH,1329075976
2025-12-31,BIIB,1329075976
2025-12-31,BLK,1329075976
2025-12-31,BX,1329075976
2025-12-31,XYZ,1329075976
2025-12-31,BK,1329075976
2025-12-31,BA,1329075976
2025-12-31,BKNG,1329075976
2025-12-31,BSX,1329075976
2025-12-31,BMY,1329075976
2025-12-31,AVGO,1329075976
2025-12-31,BR,1329075976
2025-12-31,BRO,1329075976
2025-12-31,BF-B,1329075976
2025-12-31,BLDR,1329075976
2025-12-31,BG,1329075976
2025-12-31,BXP,1329075976
2025-12-31,CHRW,1329075976
2025-12-31,CDNS,1329075976
2025-12-31,CPT,1329075976
2025-12-31,CPB,1329075976
2025-12-31,COF,1329075976
2025-12-31,CAH,1329075976
2025-12-31,CCL,1329075976
2025-12-31,CARR,1329075976
2025-12-31,CAT,1329075976
2025-12-31,CBOE,1329075976
2025-12-31,CBRE,1329075976
2025-12-31,CDW,1329075976
2025-12-31,COR,1329075976
2025-12-31,CNC,1329075976
2025-12-31,CNP,1329075976
2025-12-31,CF,1329075976
2025-12-31,CRL,1329075976
2025-12-31,SCHW,1329075976
2025-12-31,CHTR,1329075976
2025-12-31,CVX,1329075976
2025-12-31,CMG,1329075976
2025-12-31,CB,1329075976
2025-12-31,CHD,1329075976
2025-12-31,CI,1329075976
2025-12-31,CINF,1329075976
2025-12-31,CTAS,1329075976
2025-12-31,CSCO,1329075976
2025-12-31,C,1329075976
2025-12-31,CFG,1329075976
2025-12-31,CLX,1329075976
2025-12-31,CME,1329075976
2025-12-31,CMS,1329075976
2025-12-31,KO,1329075976
2025-12-31,CTSH,1329075976
2025-12-31,COIN,1329075976
2025-12-31,CL,1329075976
2025-12-31,CMCSA,1329075976
2025-12-31,CAG,1329075976
2025-12-31,COP,1329075976
2025-12-31,ED,1329075976
2025-12-31,STZ,1329075976
2025-12-31,CEG,1329075976
2025-12-31,COO,1329075976
2025-12-31,CPRT,1329075976
2025-12-31,GLW,1329075976
2025-12-31,CPAY,1329075976
2025-12-31,CTVA,1329075976
2025-12-31,CSGP,1329075976
2025-12-31,COST,1329075976
2025-12-31,CTRA,1329075976
2025-12-31,CRWD,1329075976
2025-12-31,CCI,1329075976
2025-12-31,CSX,1329075976
2025-12-31,CMI,1329075976
2025-12-31,CVS,1329075976
2025-12-31,DHR,1329075976
2025-12-31,DRI,1329075976
2025-12-31,DDOG,1329075976
2025-12-31,DVA,1329075976
2025-12-31,DAY,1329075976
2025-12-31,DECK,1329075976
2025-12-31,DE,1329075976
2025-12-31,DELL,1329075976
2025-12-31,DAL,1329075976
2025-12-31,DVN,1329075976
2025-12-31,DXCM,1329075976
2025-12-31,FANG,1329075976
2025-12-31,DLR,1329075976
2025-12-31,DG,1329075976
2025-12-31,DLTR,1329075976
2025-12-31,D,1329075976
2025-12-31,DPZ,1329075976
2025-12-31,DASH,1329075976
2025-12-31,DOV,1329075976
2025-12-31,DOW,1329075976
2025-12-31,DHI,1329075976
2025-12-31,DTE,1329075976
2025-12-31,DUK,1329075976
2025-12-31,DD,1329075976
2025-12-31,ETN,1329075976
2025-12-31,EBAY,1329075976
2025-12-31,ECL,1329075976
2025-12-31,EIX,1329075976
2025-12-31,EW,1329075976
2025-12-31,EA,1329075976
2025-12-31,ELV,1329075976
2025-12-31,EME,1329075976
2025-12-31,EMR,1329075976
2025-12-31,ETR,1329075976
2025-12-31,EOG,1329075976
2025-12-31,EPAM,1329075976
2025-12-31,EQT,1329075976
2025-12-31,EFX,1329075976
2025-12-31,EQIX,1329075976
2025-12-31,EQR,1329075976
2025-12-31,ERIE,1329075976
2025-12-31,ESS,1329075976
2025-12-31,EL,1329075976
2025-12-31,EG,1329075976
2025-12-31,EVRG,1329075976
2025-12-31,ES,1329075976
2025-12-31,EXC,1329075976
2025-12-31,EXE,1329075976
2025-12-31,EXPE,1329075976
2025-12-31,EXPD,1329075976
2025-12-31,EXR,1329075976
2025-12-31,XOM,1329075976
2025-12-31,FFIV,1329075976
2025-12-31,FDS,1329075976
2025-12-31,FICO,1329075976
2025-12-31,FAST,1329075976
2025-12-31,FRT,1329075976
2025-12-31,FDX,1329075976
2025-12-31,FIS,1329075976
2025-12-31,FITB,1329075976
2025-12-31,FSLR,1329075976
2025-12-31,FE,1329075976
2025-12-31,FISV,1329075976
2025-12-31,F,1329075976
2025-12-31,FTNT,1329075976
2025-12-31,FTV,1329075976
2025-12-31,FOXA,1329075976
2025-12-31,FOX,1329075976
2025-12-31,BEN,1329075976
2025-12-31,FCX,1329075976
2025-12-31,GRMN,1329075976
2025-12-31,IT,1329075976
2025-12-31,GE,1329075976
2025-12-31,GEHC,1329075976
2025-12-31,GEV,1329075976
2025-12-31,GEN,1329075976
2025-12-31,GNRC,1329075976
2025-12-31,GD,1329075976
2025-12-31,GIS,1329075976
2025-12-31,GM,1329075976
2025-12-31,GPC,1329075976
2025-12-31,GILD,1329075976
2025-12-31,GPN,1329075976
2025-12-31,GL,1329075976
2025-12-31,GDDY,1329075976
2025-12-31,GS,1329075976
2025-12-31,HAL,1329075976
2025-12-31,HIG,1329075976
2025-12-31,HAS,1329075976
2025-12-31,HCA,1329075976
2025-12-31,DOC,1329075976
2025-12-31,HSIC,1329075976
2025-12-31,HSY,1329075976
2025-12-31,HPE,1329075976
2025-12-31,HLT,1329075976
2025-12-31,HOLX,1329075976
2025-12-31,HD,1329075976
2025-12-31,HON,1329075976
2025-12-31,HRL,1329075976
2025-12-31,HST,1329075976
2025-12-31,HWM,1329075976
2025-12-31,HPQ,1329075976
2025-12-31,HUBB,1329075976
2025-12-31,HUM,1329075976
2025-12-31,HBAN,1329075976
2025-12-31,HII,1329075976
2025-12-31,IBM,1329075976
2025-12-31,IEX,1329075976
2025-12-31,IDXX,1329075976
2025-12-31,ITW,1329075976
2025-12-31,INCY,1329075976
2025-12-31,IR,1329075976
2025-12-31,PODD,1329075976
2025-12-31,INTC,1329075976
2025-12-31,IBKR,1329075976
2025-12-31,ICE,1329075976
2025-12-31,IFF,1329075976
2025-12-31,IP,1329075976
2025-12-31,INTU,1329075976
2025-12-31,ISRG,1329075976
2025-12-31,IVZ,1329075976
2025-12-31,INVH,1329075976
2025-12-31,IQV,1329075976
2025-12-31,IRM,1329075976
2025-12-31,JBHT,1329075976
2025-12-31,JBL,1329075976
2025-12-31,JKHY,1329075976
2025-12-31,J,1329075976
2025-12-31,JNJ,1329075976
2025-12-31,JCI,1329075976
2025-12-31,JPM,1329075976
2025-12-31,KVUE,1329075976
2025-12-31,KDP,1329075976
2025-12-31,KEY,1329075976
2025-12-31,KEYS,1329075976
2025-12-31,KMB,1329075976
2025-12-31,KIM,1329075976
2025-12-31,KMI,1329075976
2025-12-31,KKR,1329075976
2025-12-31,KLAC,1329075976
2025-12-31,KHC,1329075976
2025-12-31,KR,1329075976
2025-12-31,LHX,1329075976
2025-12-31,LH,1329075976
2025-12-31,LRCX,1329075976
2025-12-31,LW,1329075976
2025-12-31,LVS,1329075976
2025-12-31,LDOS,1329075976
2025-12-31,LEN,1329075976
2025-12-31,LII,1329075976
2025-12-31,LLY,1329075976
2025-12-31,LIN,1329075976
2025-12-31,LYV,1329075976
2025-12-31,LMT,1329075976
2025-12-31,L,1329075976
2025-12-31,LOW,1329075976
2025-12-31,LULU,1329075976
2025-12-31,LYB,1329075976
2025-12-31,MTB,1329075976
2025-12-31,MPC,1329075976
2025-12-31,MAR,1329075976
2025-12-31,MMC,1329075976
2025-12-31,MLM,1329075976
2025-12-31,MAS,1329075976
2025-12-31,MA,1329075976
2025-12-31,MTCH,1329075976
2025-12-31,MKC,1329075976
2025-12-31,MCD,1329075976
2025-12-31,MCK,1329075976
2025-12-31,MDT,1329075976
2025-12-31,MRK,1329075976
2025-12-31,META,1329075976
2025-12-31,MET,1329075976
2025-12-31,MTD,1329075976
2025-12-31,MGM,1329075976
2025-12-31,MCHP,1329075976
2025-12-31,MU,1329075976
2025-12-31,MSFT,1329075976
2025-12-31,MAA,1329075976
2025-12-31,MRNA,1329075976
2025-12-31,MOH,1329075976
2025-12-31,TAP,1329075976
2025-12-31,MDLZ,1329075976
2025-12-31,MPWR,1329075976
2025-12-31,MNST,1329075976
2025-12-31,MCO,1329075976
2025-12-31,MS,1329075976
2025-12-31,MOS,1329075976
2025-12-31,MSI,1329075976
2025-12-31,MSCI,1329075976
2025-12-31,NDAQ,1329075976
2025-12-31,NTAP,1329075976
2025-12-31,NFLX,1329075976
2025-12-31,NEM,1329075976
2025-12-31,NWSA,1329075976
2025-12-31,NWS,1329075976
2025-12-31,NEE,1329075976
2025-12-31,NKE,1329075976
2025-12-31,NI,1329075976
2025-12-31,NDSN,1329075976
2025-12-31,NSC,1329075976
2025-12-31,NTRS,1329075976
2025-12-31,NOC,1329075976
2025-12-31,NCLH,1329075976
2025-12-31,NRG,1329075976
2025-12-31,NUE,1329075976
2025-12-31,NVDA,1329075976
2025-12-31,NVR,1329075976
2025-12-31,NXPI,1329075976
2025-12-31,ORLY,1329075976
2025-12-31,OXY,1329075976
2025-12-31,ODFL,1329075976
2025-12-31,OMC,1329075976
2025-12-31,ON,1329075976
2025-12-31,OKE,1329075976
2025-12-31,ORCL,1329075976
2025-12-31,OTIS,1329075976
2025-12-31,PCAR,1329075976
2025-12-31,PKG,1329075976
2025-12-31,PLTR,1329075976
2025-12-31,PANW,1329075976
2025-12-31,PSKY,1329075976
2025-12-31,PH,1329075976
2025-12-31,PAYX,1329075976
2025-12-31,PAYC,1329075976
2025-12-31,PYPL,1329075976
2025-12-31,PNR,1329075976
2025-12-31,PEP,1329075976
2025-12-31,PFE,1329075976
2025-12-31,PCG,1329075976
2025-12-31,PM,1329075976
2025-12-31,PSX,1329075976
2025-12-31,PNW,1329075976
2025-12-31,PNC,1329075976
2025-12-31,POOL,1329075976
2025-12-31,PPG,1329075976
2025-12-31,PPL,1329075976
2025-12-31,PFG,1329075976
2025-12-31,PG,1329075976
2025-12-31,PGR,1329075976
2025-12-31,PLD,1329075976
2025-12-31,PRU,1329075976
2025-12-31,PEG,1329075976
2025-12-31,PTC,1329075976
2025-12-31,PSA,1329075976
2025-12-31,PHM,1329075976
2025-12-31,PWR,1329075976
2025-12-31,QCOM,1329075976
2025-12-31,DGX,1329075976
2025-12-31,Q,1329075976
2025-12-31,RL,1329075976
2025-12-31,RJF,1329075976
2025-12-31,RTX,1329075976
2025-12-31,O,1329075976
2025-12-31,REG,1329075976
2025-12-31,REGN,1329075976
2025-12-31,RF,1329075976
2025-12-31,RSG,1329075976
2025-12-31,RMD,1329075976
2025-12-31,RVTY,1329075976
2025-12-31,HOOD,1329075976
2025-12-31,ROK,1329075976
2025-12-31,ROL,1329075976
2025-12-31,ROP,1329075976
2025-12-31,ROST,1329075976
2025-12-31,RCL,1329075976
2025-12-31,SPGI,1329075976
2025-12-31,CRM,1329075976
2025-12-31,SNDK,1329075976
2025-12-31,SBAC,1329075976
2025-12-31,SLB,1329075976
2025-12-31,STX,1329075976
2025-12-31,SRE,1329075976
2025-12-31,NOW,1329075976
2025-12-31,SHW,1329075976
2025-12-31,SPG,1329075976
2025-12-31,SWKS,1329075976
2025-12-31,SJM,1329075976
2025-12-31,SW,1329075976
2025-12-31,SNA,1329075976
2025-12-31,SOLS,1329075976
2025-12-31,SOLV,1329075976
2025-12-31,SO,1329075976
2025-12-31,LUV,1329075976
2025-12-31,SWK,1329075976
2025-12-31,SBUX,1329075976
2025-12-31,STT,1329075976
2025-12-31,STLD,1329075976
2025-12-31,STE,1329075976
2025-12-31,SYK,1329075976
2025-12-31,SMCI,1329075976
2025-12-31,SYF,1329075976
2025-12-31,SNPS,1329075976
2025-12-31,SYY,1329075976
2025-12-31,TMUS,1329075976
2025-12-31,TROW,1329075976
2025-12-31,TTWO,1329075976
2025-12-31,TPR,1329075976
2025-12-31,TRGP,1329075976
2025-12-31,TGT,1329075976
2025-12-31,TEL,1329075976
2025-12-31,TDY,1329075976
2025-12-31,TER,1329075976
2025-12-31,TSLA,1329075976
2025-12-31,TXN,1329075976
2025-12-31,TPL,1329075976
2025-12-31,TXT,1329075976
2025-12-31,TMO,1329075976
2025-12-31,TJX,1329075976
2025-12-31,TKO,1329075976
2025-12-31,TTD,1329075976
2025-12-31,TSCO,1329075976
2025-12-31,TT,1329075976
2025-12-31,TDG,1329075976
2025-12-31,TRV,1329075976
2025-12-31,TRMB,1329075976
2025-12-31,TFC,1329075976
2025-12-31,TYL,1329075976
2025-12-31,TSN,1329075976
2025-12-31,USB,1329075976
2025-12-31,UBER,1329075976
2025-12-31,UDR,1329075976
2025-12-31,ULTA,1329075976
2025-12-31,UNP,1329075976
2025-12-31,UAL,1329075976
2025-12-31,UPS,1329075976
2025-12-31,URI,1329075976
2025-12-31,UNH,1329075976
2025-12-31,UHS,1329075976
2025-12-31,VLO,1329075976
2025-12-31,VTR,1329075976
2025-12-31,VLTO,1329075976
2025-12-31,VRSN,1329075976
2025-12-31,VRSK,1329075976
2025-12-31,VZ,1329075976
2025-12-31,VRTX,1329075976
2025-12-31,VTRS,1329075976
2025-12-31,VICI,1329075976
2025-12-31,V,1329075976
2025-12-31,VST,1329075976
2025-12-31,VMC,1329075976
2025-12-31,WRB,1329075976
2025-12-31,GWW,1329075976
2025-12-31,WAB,1329075976
2025-12-31,WMT,1329075976
2025-12-31,DIS,1329075976
2025-12-31,WBD,1329075976
2025-12-31,WM,1329075976
2025-12-31,WAT,1329075976
2025-12-31,WEC,1329075976
2025-12-31,WFC,1329075976
2025-12-31,WELL,1329075976
2025-12-31,WST,1329075976
2025-12-31,WDC,1329075976
2025-12-31,WY,1329075976
2025-12-31,WSM,1329075976
2025-12-31,WMB,1329075976
2025-12-31,WTW,1329075976
2025-12-31,WDAY,1329075976
2025-12-31,WYNN,1329075976
2025-12-31,XEL,1329075976
2025-12-31,XYL,1329075976
2025-12-31,YUM,1329075976
2025-12-31,ZBRA,1329075976
2025-12-31,ZBH,1329075976
2025-12-31,ZTS,1329075976
